date,source,confirm_dengue,ta,rha,ra,max_ta,min_ta,ws,sr
2022-01-01,static,4,17.30095238,81.19698413,0.004603175,22.63142857,13.49634921,,
2022-01-02,static,11,16.92746032,81.07603175,0.0,22.2031746,12.40031746,,
2022-01-03,static,29,17.08412698,80.06746032,0.0,22.45444444,12.71365079,,
2022-01-04,static,4,16.60634921,78.28412698,0.0,22.28698413,12.15650794,,
2022-01-05,static,4,16.85095238,76.41492063,0.0,22.68650794,11.34507937,,
2022-01-06,static,9,17.6847619,74.38777778,0.0,23.30015873,12.23793651,,
2022-01-07,static,1,18.21126984,76.43031746,0.0,23.62793651,13.16761905,,
2022-01-08,static,2,18.63587302,80.17222222,0.0,24.25142857,13.52555556,,
2022-01-09,static,7,19.31746032,79.36555556,0.0,24.42809524,14.18444444,,
2022-01-10,static,3,19.86555556,78.70793651,0.0,24.67698413,15.14174603,,
2022-01-11,static,3,19.73015873,81.77634921,1.401904762,24.44539683,15.32079365,,
2022-01-12,static,14,19.07253968,85.38126984,3.960793651,22.87571429,15.9915873,,
2022-01-13,static,3,18.41634921,83.69412698,3.303174603,22.30095238,15.00174603,,
2022-01-14,static,1,17.40126984,79.31587302,2.713968254,21.56809524,13.67730159,,
2022-01-15,static,5,17.39190476,75.76650794,0.668571429,22.79904762,13.24650794,,
2022-01-16,static,2,16.72396825,77.98666667,0.042380952,22.50031746,12.31190476,,
2022-01-17,static,2,16.38190476,78.2931746,0.0,22.7415873,11.02269841,,
2022-01-18,static,4,17.00412698,77.20333333,0.0,22.73063492,12.06015873,,
2022-01-19,static,7,17.49126984,76.25047619,0.009206349,22.66936508,13.34730159,,
2022-01-20,static,1,17.0084127,74.75190476,0.039365079,21.74301587,12.79095238,,
2022-01-21,static,0,17.95333333,68.00809524,0.138888889,22.69952381,13.58920635,,
2022-01-22,static,0,18.06936508,73.38460317,0.205873016,22.91301587,13.47428571,,
2022-01-23,static,2,18.58380952,77.93269841,0.603174603,23.61507937,14.22063492,,
2022-01-24,static,3,18.53269841,85.50730159,3.004761905,22.10650794,15.48857143,,
2022-01-25,static,1,18.69634921,80.38142857,2.09015873,22.77571429,15.1268254,,
2022-01-26,static,0,18.36619048,78.1247619,1.300952381,22.49396825,14.64634921,,
2022-01-27,static,1,16.89507937,76.74507937,2.043333333,21.55095238,13.0631746,,
2022-01-28,static,2,14.97777778,71.63873016,0.564444444,20.43587302,10.51269841,,
2022-01-29,static,0,14.45873016,71.88428571,0.00015873,20.2047619,9.723333333,,
2022-01-30,static,0,15.31253968,69.16555556,0.00015873,21.08285714,9.935238095,,
2022-01-31,static,1,16.71984127,66.09634921,0.0,22.30126984,11.4215873,,
2022-02-01,static,0,17.26809524,74.29968254,0.39,22.7452381,12.10619048,,
2022-02-02,static,2,18.36142857,69.45507937,0.497619048,23.91507937,13.17825397,,
2022-02-03,static,2,18.6615873,74.85444444,0.292380952,24.47666667,13.28936508,,
2022-02-04,static,0,19.28174603,81.91873016,18.29095238,23.70507937,15.42253968,,
2022-02-05,static,2,17.16285714,75.79634921,14.56111111,21.71587302,12.73174603,,
2022-02-06,static,1,15.78111111,70.32269841,7.245873016,21.30380952,10.93603175,,
2022-02-07,static,0,16.09126984,69.1315873,0.078412698,21.5415873,11.1268254,,
2022-02-08,static,0,17.16507937,65.59238095,0.0,22.41571429,11.67412698,,
2022-02-09,static,0,18.16603175,66.4684127,0.003650794,23.59904762,12.5652381,,
2022-02-10,static,0,18.30761905,77.18015873,1.305714286,22.99698413,13.60809524,,
2022-02-11,static,0,18.3647619,74.85539683,0.264920635,23.55571429,14.11587302,,
2022-02-12,static,5,17.20174603,63.85666667,0.014761905,22.85825397,12.46825397,,
2022-02-13,static,1,17.52,64.77904762,0.0,24.00079365,11.6068254,,
2022-02-14,static,2,18.01285714,64.20507937,0.0,24.53031746,11.76777778,,
2022-02-15,static,1,18.44920635,59.96301587,0.0,24.76571429,12.63142857,,
2022-02-16,static,0,18.50174603,60.69650794,0.0,24.48825397,12.70920635,,
2022-02-17,static,0,18.84142857,63.33571429,0.00015873,25.20873016,12.79888889,,
2022-02-18,static,0,18.98619048,58.82301587,0.0,25.32031746,12.9468254,,
2022-02-19,static,0,18.95714286,58.77968254,0.0,25.58920635,13.19079365,,
2022-02-20,static,0,19.28238095,71.85793651,1.875238095,25.37571429,13.93142857,,
2022-02-21,static,0,19.51365079,70.69666667,5.504285714,25.37714286,14.2331746,,
2022-02-22,static,1,20.19365079,68.41206349,0.955396825,26.06460317,14.63793651,,
2022-02-23,static,2,21.26507937,67.91301587,0.121746032,26.96492063,15.85174603,,
2022-02-24,static,0,21.73460317,71.88222222,0.318888889,27.86666667,16.15650794,,
2022-02-25,static,0,21.97952381,75.79761905,3.015555556,27.01396825,17.88555556,,
2022-02-26,static,0,22.78952381,72.1368254,1.050793651,28.37396825,17.98253968,,
2022-02-27,static,0,22.87634921,66.01206349,0.808253968,28.28825397,17.2552381,,
2022-02-28,static,0,23.25333333,67.86650794,2.105079365,28.83047619,18.27333333,,
2022-03-01,static,0,22.94222222,62.7947619,0.755238095,28.7831746,17.45412698,,
2022-03-02,static,1,22.67365079,59.49857143,0.021746032,28.7552381,16.92777778,,
2022-03-03,static,0,22.72634921,58.12095238,0.0,29.31507937,16.57809524,,
2022-03-04,static,0,22.78253968,56.81555556,0.0,29.35142857,16.39634921,,
2022-03-05,static,0,23.34761905,58.15460317,0.0,30.03666667,17.14746032,,
2022-03-06,static,3,23.69269841,56.93047619,0.0,30.48428571,17.93428571,,
2022-03-07,static,0,23.79904762,57.4147619,0.0,31.5168254,16.84063492,,
2022-03-08,static,0,24.33650794,56.70492063,0.0,31.44301587,17.65206349,,
2022-03-09,static,1,24.43619048,55.29126984,0.0,31.76301587,17.89507937,,
2022-03-10,static,1,24.41714286,52.8652381,0.0,31.85142857,17.74301587,,
2022-03-11,static,2,24.5715873,51.76619048,0.0,31.61984127,17.74333333,,
2022-03-12,static,0,24.71063492,52.63269841,0.0,31.79555556,18.43571429,,
2022-03-13,static,0,25.01,53.26603175,0.0,32.27936508,18.29825397,,
2022-03-14,static,0,25.7284127,52.63920635,0.0,33.00984127,18.82126984,,
2022-03-15,static,0,26.39333333,50.39587302,0.0,33.57952381,19.68714286,,
2022-03-16,static,1,26.55873016,55.99460317,0.0,33.67825397,20.27460317,,
2022-03-17,static,0,27.05539683,58.49222222,0.0,34.01,20.4847619,,
2022-03-18,static,0,27.41603175,57.12587302,0.0,34.57269841,20.95761905,,
2022-03-19,static,0,27.47444444,56.15079365,0.0,34.8784127,21.17761905,,
2022-03-20,static,0,26.66761905,59.7031746,0.0,34.01222222,20.55460317,,
2022-03-21,static,0,26.94746032,61.71460317,0.052857143,34.19714286,20.55079365,,
2022-03-22,static,0,27.95619048,61.25857143,0.062698413,34.72269841,21.72301587,,
2022-03-23,static,2,28.77396825,58.36857143,0.080952381,35.62253968,22.88349206,,
2022-03-24,static,1,27.88825397,62.4552381,0.352380952,34.61206349,22.89809524,,
2022-03-25,static,0,27.81444444,69.46777778,1.797460317,33.99126984,23.01936508,,
2022-03-26,static,1,28.29079365,69.21126984,4.655079365,34.38761905,24.09269841,,
2022-03-27,static,1,28.01857143,66.43174603,2.29952381,34.09857143,22.91777778,,
2022-03-28,static,0,27.78365079,66.67428571,0.736507937,33.78460317,22.8168254,,
2022-03-29,static,2,27.6,69.59984127,1.67968254,33.46650794,22.88349206,,
2022-03-30,static,4,27.96730159,71.66428571,2.086666667,33.29,23.62714286,,
2022-03-31,static,0,28.55031746,71.00777778,3.218095238,34.10555556,24.08253968,,
2022-04-01,static,0,28.84095238,71.16539683,7.016349206,34.18079365,24.53984127,,
2022-04-02,static,0,28.65952381,71.89238095,5.528888889,33.83444444,24.77777778,,
2022-04-03,static,2,28.49190476,70.74904762,2.91047619,33.74095238,24.27079365,,
2022-04-04,static,0,28.73412698,68.55126984,6.575714286,34.56428571,24.76015873,,
2022-04-05,static,0,28.52015873,70.12666667,7.576349206,34.56333333,23.9584127,,
2022-04-06,static,0,28.59936508,69.60126984,1.55015873,34.76206349,23.64714286,,
2022-04-07,static,1,29.14063492,65.22777778,0.268412698,35.68253968,23.6568254,,
2022-04-08,static,0,29.17349206,62.77444444,0.232380952,35.69714286,23.33634921,,
2022-04-09,static,0,29.09190476,64.94746032,1.58031746,35.4215873,23.76269841,,
2022-04-10,static,2,29.14650794,67.3831746,2.15047619,35.46507937,23.76619048,,
2022-04-11,static,1,29.50539683,69.02079365,3.115714286,35.29492063,24.7252381,,
2022-04-12,static,0,29.57730159,68.95095238,1.63,35.13746032,24.84634921,,
2022-04-13,static,2,29.70285714,68.93777778,5.935714286,35.55539683,25.00666667,,
2022-04-14,static,0,29.88539683,68.58174603,3.765714286,35.79920635,25.55714286,,
2022-04-15,static,0,30.55079365,63.32793651,2.063809524,37.20111111,25.72031746,,
2022-04-16,static,2,30.10825397,66.39190476,4.402380952,35.6084127,25.52253968,,
2022-04-17,static,1,30.28333333,65.49968254,3.81952381,35.98587302,25.6631746,,
2022-04-18,static,1,30.08587302,66.98952381,3.91,35.85428571,25.22539683,,
2022-04-19,static,0,29.86857143,68.36,4.173015873,35.49031746,25.10587302,,
2022-04-20,static,2,28.7831746,72.07380952,10.3484127,33.84142857,25.08888889,,
2022-04-21,static,2,28.35460317,69.96777778,4.927936508,33.23777778,23.85444444,,
2022-04-22,static,0,29.29793651,70.36746032,6.807936508,34.20634921,25.18809524,,
2022-04-23,static,0,29.71952381,68.6084127,8.764444444,35.63571429,25.16142857,,
2022-04-24,static,1,30.12111111,65.44190476,5.227301587,36.61873016,24.93555556,,
2022-04-25,static,2,30.42777778,64.78460317,2.546507937,36.94904762,24.80539683,,
2022-04-26,static,3,30.40777778,67.64619048,1.697460317,36.43444444,25.32174603,,
2022-04-27,static,1,30.48666667,68.48587302,2.845079365,36.43031746,25.65587302,,
2022-04-28,static,0,30.8431746,66.52571429,1.218412698,37.06333333,25.58777778,,
2022-04-29,static,0,31.11936508,65.05936508,2.25031746,37.18444444,25.63015873,,
2022-04-30,static,0,30.49936508,66.57730159,6.864285714,36.07619048,26.13730159,,
2022-05-01,static,0,30.15984127,63.67428571,4.036984127,35.60412698,25.66301587,,
2022-05-02,static,0,29.72301587,66.02698413,7.641587302,35.10920635,25.62746032,,
2022-05-03,static,0,28.50952381,72.90126984,13.11396825,32.48666667,25.34714286,,
2022-05-04,static,0,28.42126984,73.67539683,10.47142857,32.53698413,24.89793651,,
2022-05-05,static,1,28.62507937,71.67857143,7.642063492,32.84777778,24.97,,
2022-05-06,static,1,28.73047619,71.99809524,11.17444444,33.19984127,24.75666667,,
2022-05-07,static,0,29.63587302,67.07396825,1.761746032,34.33888889,25.3484127,,
2022-05-08,static,5,29.92857143,66.42222222,1.956507937,34.90904762,25.14968254,,
2022-05-09,static,1,28.81730159,73.70904762,16.90444444,32.80269841,25.57730159,,
2022-05-10,static,2,27.72269841,81.6368254,25.32365079,30.74174603,25.36761905,,
2022-05-11,static,0,28.61952381,81.43111111,24.42825397,32.15619048,25.77079365,,
2022-05-12,static,0,29.25126984,79.91793651,17.12460317,32.81301587,26.49047619,,
2022-05-13,static,1,29.22126984,82.20936508,29.79634921,32.74238095,26.52714286,,
2022-05-14,static,3,29.81603175,80.59301587,16.98396825,34.36809524,26.7015873,,
2022-05-15,static,1,29.6215873,82.22555556,10.53777778,33.1752381,27.13507937,,
2022-05-16,static,8,29.06015873,84.21777778,11.14730159,32.06571429,27.00444444,,
2022-05-17,static,12,28.79031746,84.52031746,21.11206349,31.74380952,26.76095238,,
2022-05-18,static,5,28.56492063,84.84968254,21.93746032,31.15952381,26.72492063,,
2022-05-19,static,5,29.26809524,82.29111111,20.66095238,33.03539683,26.48238095,,
2022-05-20,static,0,29.05761905,82.42730159,19.58,32.49111111,26.54761905,,
2022-05-21,static,9,28.71190476,85.71539683,34.70333333,31.93269841,26.34,,
2022-05-22,static,6,28.8284127,80.63634921,14.8215873,32.62746032,25.51873016,,
2022-05-23,static,15,28.7715873,79.33746032,13.44285714,32.40492063,25.71015873,,
2022-05-24,static,12,29.4747619,75.73857143,5.533015873,33.40619048,25.53222222,,
2022-05-25,static,6,29.27761905,77.5415873,9.526031746,32.40920635,26.49666667,,
2022-05-26,static,7,29.07746032,77.11888889,9.697936508,32.70873016,25.72031746,,
2022-05-27,static,6,29.26952381,76.62507937,8.833968254,33.23714286,25.73539683,,
2022-05-28,static,15,29.40095238,76.4647619,8.204761905,33.35253968,25.88190476,,
2022-05-29,static,10,29.0484127,80.95,19.25555556,32.32031746,26.25047619,,
2022-05-30,static,18,28.57190476,82.47920635,12.98269841,31.58650794,26.0747619,,
2022-05-31,static,14,28.64253968,81.77587302,7.284126984,31.69253968,26.00857143,,
2022-06-01,static,9,28.62349206,83.62142857,11.41698413,31.51238095,26.41349206,,
2022-06-02,static,20,28.87079365,81.46285714,7.72,32.05603175,26.35873016,,
2022-06-03,static,17,28.80619048,84.59587302,15.94698413,31.70492063,26.57952381,,
2022-06-04,static,13,28.63492063,84.2715873,18.77650794,31.43539683,26.64650794,,
2022-06-05,static,15,28.84857143,82.9252381,11.4315873,32.32111111,26.30206349,,
2022-06-06,static,20,28.97095238,82.85206349,10.61571429,32.43063492,26.32666667,,
2022-06-07,static,17,29.38015873,82.2347619,12.41825397,32.84190476,26.56126984,,
2022-06-08,static,16,29.0447619,85.04857143,15.64412698,31.71079365,26.90809524,,
2022-06-09,static,31,28.90777778,87.16444444,17.48079365,31.44047619,27.13126984,,
2022-06-10,static,17,28.44920635,83.30063492,18.35396825,31.13761905,26.30571429,,
2022-06-11,static,20,28.60063492,83.91587302,5.107460317,31.85396825,25.90349206,,
2022-06-12,static,24,29.11984127,84.43634921,17.93396825,32.2947619,26.57507937,,
2022-06-13,static,18,29.60904762,83.7531746,14.03365079,33.03333333,26.98047619,,
2022-06-14,static,18,29.15047619,86.19730159,16.91460317,32.09,27.10507937,,
2022-06-15,static,22,28.40825397,87.83,19.02269841,30.70079365,26.91047619,,
2022-06-16,static,31,27.93650794,87.87031746,31.34634921,30.07031746,26.4168254,,
2022-06-17,static,29,27.65888889,89.95174603,40.26,29.61825397,26.3552381,,
2022-06-18,static,40,27.70063492,88.81920635,57.08777778,29.76285714,26.26396825,,
2022-06-19,static,24,27.61825397,87.99111111,43.19809524,29.81698413,26.03809524,,
2022-06-20,static,27,27.50777778,87.85190476,29.85460317,29.68920635,25.84492063,,
2022-06-21,static,27,27.62714286,87.91873016,18.04428571,29.86666667,25.72825397,,
2022-06-22,static,27,27.86206349,84.84936508,10.28380952,30.7668254,25.56873016,,
2022-06-23,static,29,28.04047619,85.34079365,9.612222222,31.19269841,25.25492063,,
2022-06-24,static,21,28.02730159,86.56666667,6.173650794,30.65936508,25.92190476,,
2022-06-25,static,35,28.31984127,85.39761905,7.653333333,31.44793651,25.7,,
2022-06-26,static,32,28.21539683,85.82825397,5.903968254,30.98412698,26.01603175,,
2022-06-27,static,17,28.65666667,84.2284127,6.031111111,31.65873016,26.07047619,,
2022-06-28,static,47,28.08492063,86.84555556,11.7868254,30.44587302,26.36079365,,
2022-06-29,static,40,28.05047619,87.13666667,14.95365079,30.36714286,26.01063492,,
2022-06-30,static,33,27.89396825,88.17492063,12.7784127,30.00619048,26.01968254,,
2022-07-01,static,22,28.45809524,87.74888889,14.95380952,31.28904762,26.17571429,,
2022-07-02,static,49,28.23555556,87.26174603,14.8068254,30.86984127,26.32507937,,
2022-07-03,static,42,28.30444444,87.1315873,5.858888889,31.02746032,26.15698413,,
2022-07-04,static,36,28.40031746,86.74142857,6.231428571,31.22746032,26.22603175,,
2022-07-05,static,46,28.69047619,85.06190476,3.046349206,31.83777778,26.09380952,,
2022-07-06,static,32,28.26460317,87.95238095,12.15380952,30.68793651,26.49396825,,
2022-07-07,static,31,28.51777778,85.21888889,3.538571429,31.77190476,25.84857143,,
2022-07-08,static,29,28.48730159,85.46888889,3.507619048,31.48904762,26.09936508,,
2022-07-09,static,17,28.56031746,83.55825397,2.329206349,32.00444444,25.82333333,,
2022-07-10,static,4,28.70253968,84.55857143,5.895873016,32.04174603,25.87761905,,
2022-07-11,static,7,28.3815873,85.3584127,5.617619048,31.31746032,26.12698413,,
2022-07-12,static,73,28.95238095,83.85285714,3.969047619,32.30873016,26.25603175,,
2022-07-13,static,51,29.33555556,83.82809524,3.376031746,32.66587302,26.65063492,,
2022-07-14,static,51,28.96190476,85.23492063,3.79031746,31.83904762,26.78634921,,
2022-07-15,static,31,29.0847619,84.25444444,5.753809524,32.17460317,26.69650794,,
2022-07-16,static,60,29.25555556,83.93857143,4.405238095,32.73349206,26.49269841,,
2022-07-17,static,53,29.20619048,84.26063492,9.663015873,32.50920635,26.69412698,,
2022-07-18,static,66,29.03555556,82.95714286,4.616507937,32.41587302,26.34380952,,
2022-07-19,static,51,28.89269841,84.14730159,8.151587302,31.81063492,26.67063492,,
2022-07-20,static,70,28.89698413,85.10190476,14.63126984,31.74984127,26.70952381,,
2022-07-21,static,69,28.87825397,85.07571429,8.753174603,31.81571429,26.62968254,,
2022-07-22,static,35,28.80888889,86.26888889,5.752063492,31.64349206,26.66301587,,
2022-07-23,static,67,28.22444444,87.24904762,16.38698413,30.62857143,26.43619048,,
2022-07-24,static,65,27.70349206,88.1052381,20.54730159,29.68269841,26.18444444,,
2022-07-25,static,60,27.39,84.86587302,18.80015873,29.7052381,25.60492063,,
2022-07-26,static,99,27.89936508,81.57301587,8.604444444,31.0852381,25.22412698,,
2022-07-27,static,61,28.43507937,82.07444444,5.049206349,31.66936508,25.6184127,,
2022-07-28,static,64,28.3752381,84.11619048,7.962222222,31.04666667,26.20571429,,
2022-07-29,static,65,28.85349206,81.65015873,6.332063492,32.06968254,25.93968254,,
2022-07-30,static,85,28.93698413,84.82634921,8.391111111,31.92111111,26.55730159,,
2022-07-31,static,80,28.28857143,88.93984127,19.21460317,30.12047619,26.95825397,,
2022-08-01,static,87,28.68698413,87.92285714,15.30031746,30.98777778,26.8068254,,
2022-08-02,static,65,29.1952381,84.11539683,13.02460317,32.33587302,26.40873016,,
2022-08-03,static,77,28.31174603,86.71079365,16.67428571,30.56460317,26.54619048,,
2022-08-04,static,91,28.61396825,84.9331746,12.60746032,31.49190476,25.99793651,,
2022-08-05,static,40,28.99714286,85.44603175,10.83793651,31.91333333,26.61269841,,
2022-08-06,static,77,28.57428571,87.12825397,9.61984127,31.05761905,26.65238095,,
2022-08-07,static,87,29.38952381,83.50984127,9.76031746,32.70650794,26.37428571,,
2022-08-08,static,79,28.36873016,87.72015873,11.51888889,30.77857143,26.45793651,,
2022-08-09,static,53,28.2852381,87.43698413,15.48238095,31.13031746,26.15492063,,
2022-08-10,static,92,27.75698413,89.43555556,17.85587302,29.97015873,26.06920635,,
2022-08-11,static,90,27.93714286,88.25698413,12.63301587,30.47555556,25.89190476,,
2022-08-12,static,53,28.58428571,84.32333333,4.683809524,31.95873016,25.53730159,,
2022-08-13,static,92,28.20666667,87.63333333,9.332222222,31.21634921,26.0215873,,
2022-08-14,static,116,27.70650794,88.59809524,20.14190476,30.34777778,25.8315873,,
2022-08-15,static,96,28.02047619,87.38206349,7.861428571,30.88460317,25.83428571,,
2022-08-16,static,128,28.67714286,84.61285714,3.813015873,31.85444444,25.84761905,,
2022-08-17,static,98,29.34063492,83.5352381,3.333015873,32.42349206,26.25285714,,
2022-08-18,static,93,29.93428571,83.31444444,9.205873016,32.94015873,27.09460317,,
2022-08-19,static,54,28.55365079,86.41460317,26.37619048,31.25015873,26.42206349,,
2022-08-20,static,117,28.11825397,86.28920635,10.28571429,31.02174603,26.01587302,,
2022-08-21,static,135,28.0815873,86.68333333,6.460952381,31.05809524,25.65190476,,
2022-08-22,static,139,28.76698413,84.83301587,4.225873016,32.04380952,26.00571429,,
2022-08-23,static,153,28.13777778,87.80111111,28.30190476,30.65650794,26.14,,
2022-08-24,static,165,27.77761905,86.90492063,10.50365079,30.84666667,25.41396825,,
2022-08-25,static,180,28.20714286,84.0,2.31968254,31.68444444,25.30904762,,
2022-08-26,static,68,28.34,84.67063492,0.893968254,31.68095238,25.61095238,,
2022-08-27,static,131,27.75079365,88.42095238,8.023333333,30.12920635,25.90238095,,
2022-08-28,static,176,27.9,86.7984127,9.971428571,30.78269841,25.78285714,,
2022-08-29,static,201,28.25349206,85.18460317,6.745079365,31.33714286,25.76349206,,
2022-08-30,static,237,28.43285714,83.40333333,6.120793651,31.4547619,26.07015873,,
2022-08-31,static,251,28.49063492,85.97619048,6.485079365,31.62587302,25.71698413,,
2022-09-01,static,176,27.90301587,87.71492063,12.77095238,30.04492063,26.24460317,,
2022-09-02,static,90,27.97063492,87.77555556,14.05650794,30.53555556,26.05587302,,
2022-09-03,static,245,28.62857143,87.19111111,17.30238095,31.45809524,26.25873016,,
2022-09-04,static,213,28.62952381,88.79428571,18.00936508,31.09746032,26.91460317,,
2022-09-05,static,208,28.18603175,89.40698413,12.33285714,30.18634921,26.78746032,,
2022-09-06,static,284,28.11920635,88.09952381,16.60396825,30.33888889,26.49349206,,
2022-09-07,static,279,28.26650794,86.57206349,9.93968254,30.77285714,25.95873016,,
2022-09-08,static,275,29.0431746,84.86492063,11.92666667,32.05015873,26.37333333,,
2022-09-09,static,145,28.48619048,86.31396825,12.56206349,31.14650794,26.39095238,,
2022-09-10,static,294,27.61746032,89.63253968,14.50269841,29.72142857,26.02571429,,
2022-09-11,static,360,27.19809524,90.84666667,30.82333333,28.81047619,25.98380952,,
2022-09-12,static,345,27.00206349,92.62619048,41.61761905,28.52333333,25.7915873,,
2022-09-13,static,353,27.18079365,92.78698413,39.64634921,28.86650794,25.96365079,,
2022-09-14,static,389,27.06365079,90.4484127,32.6684127,29.06793651,25.55761905,,
2022-09-15,static,395,27.26730159,90.20507937,22.41952381,29.53333333,25.4131746,,
2022-09-16,static,164,27.47206349,90.23698413,14.69380952,29.79428571,25.57888889,,
2022-09-17,static,381,28.0147619,87.91063492,6.896349206,30.97126984,25.6031746,,
2022-09-18,static,399,28.33936508,86.1715873,4.071111111,31.12412698,25.88507937,,
2022-09-19,static,392,27.92349206,88.90952381,11.69746032,30.7252381,25.94301587,,
2022-09-20,static,438,27.76873016,88.9268254,5.212539683,30.42698413,25.85285714,,
2022-09-21,static,431,27.75698413,88.5668254,4.532539683,30.43888889,25.78761905,,
2022-09-22,static,437,27.81888889,88.11904762,4.367777778,30.6268254,25.64825397,,
2022-09-23,static,125,27.59666667,87.80888889,3.461111111,30.06571429,25.68174603,,
2022-09-24,static,440,27.34460317,88.09349206,6.062857143,29.7284127,25.62714286,,
2022-09-25,static,440,27.5768254,85.11063492,5.782063492,30.00634921,25.24333333,,
2022-09-26,static,482,27.54095238,84.6315873,3.531111111,30.10253968,25.20730159,,
2022-09-27,static,460,27.40968254,86.5547619,7.842539683,29.85888889,25.40174603,,
2022-09-28,static,524,27.53460317,85.27142857,4.471269841,30.14253968,25.38047619,,
2022-09-29,static,506,28.46936508,80.85126984,2.852222222,31.53285714,25.61539683,,
2022-09-30,static,240,28.69603175,81.32111111,1.32968254,32.16650794,25.35412698,,
2022-10-01,static,635,28.57809524,83.91142857,7.928253968,31.59603175,25.81904762,,
2022-10-02,static,568,27.40650794,90.57539683,25.13079365,29.36206349,25.9415873,,
2022-10-03,static,525,27.18873016,90.73111111,21.33714286,29.34603175,25.57650794,,
2022-10-04,static,482,27.45396825,88.80460317,15.79380952,29.74333333,25.72126984,,
2022-10-05,static,344,27.48380952,87.75238095,10.38269841,30.28761905,25.29126984,,
2022-10-06,static,637,27.3968254,86.54777778,4.904920635,30.36793651,25.01666667,,
2022-10-07,static,240,27.31873016,84.28492063,2.790793651,30.24777778,24.98650794,,
2022-10-08,static,712,27.51412698,84.29492063,5.020952381,30.38396825,24.92634921,,
2022-10-09,static,334,27.12492063,88.20396825,9.902380952,29.75714286,25.07285714,,
2022-10-10,static,624,26.94349206,88.77873016,12.46396825,29.47412698,25.08269841,,
2022-10-11,static,677,26.87047619,90.73301587,17.86730159,29.22809524,25.18190476,,
2022-10-12,static,647,26.52142857,89.96031746,18.13539683,28.41,25.16809524,,
2022-10-13,static,765,26.71825397,86.00746032,11.65888889,29.38730159,24.67650794,,
2022-10-14,static,310,26.93952381,83.5452381,4.673650794,29.88444444,24.45253968,,
2022-10-15,static,734,26.56809524,83.6952381,1.781111111,30.26730159,23.61206349,,
2022-10-16,static,855,26.39650794,82.27714286,1.047936508,30.71126984,22.72031746,,
2022-10-17,static,857,26.67666667,81.77904762,2.008730159,30.63095238,23.21095238,,
2022-10-18,static,900,26.85793651,80.44619048,0.945079365,30.32698413,23.62761905,,
2022-10-19,static,864,26.13460317,82.13301587,1.699206349,29.44269841,23.33730159,,
2022-10-20,static,896,25.97126984,82.16904762,0.445555556,30.26253968,22.5784127,,
2022-10-21,static,409,26.13873016,82.16952381,0.129206349,30.50142857,22.25603175,,
2022-10-22,static,922,26.4847619,79.8215873,0.123492063,31.14825397,22.49047619,,
2022-10-23,static,1034,25.13619048,87.43142857,20.5168254,28.59285714,22.46206349,,
2022-10-24,static,903,23.97666667,92.60015873,103.152381,25.68650794,22.26952381,,
2022-10-25,static,750,24.1684127,85.15619048,12.66396825,27.64365079,21.07571429,,
2022-10-26,static,923,24.60015873,80.08761905,3.824444444,28.16746032,20.95587302,,
2022-10-27,static,899,24.6152381,75.66507937,0.007460317,28.7415873,21.06904762,,
2022-10-28,static,440,23.93,76.06111111,0.003492063,28.36603175,19.76238095,,
2022-10-29,static,869,24.18253968,76.43857143,0.114603175,28.47555556,19.63571429,,
2022-10-30,static,1020,24.7931746,78.02952381,0.876507937,29.25,20.5152381,,
2022-10-31,static,873,25.21269841,80.32555556,0.789047619,29.58587302,21.18793651,,
2022-11-01,static,983,25.22222222,82.59063492,0.824444444,29.71492063,21.2468254,,
2022-11-02,static,1094,25.13888889,81.89142857,0.525555556,29.11222222,21.65190476,,
2022-11-03,static,882,24.26365079,79.9847619,0.142063492,28.00190476,20.80063492,,
2022-11-04,static,428,24.20190476,75.78095238,0.02047619,28.27571429,19.91063492,,
2022-11-05,static,788,25.02952381,73.83206349,0.08,29.09333333,20.91111111,,
2022-11-06,static,908,24.85809524,74.36698413,0.629206349,28.56634921,21.13222222,,
2022-11-07,static,875,24.1715873,74.71555556,0.324761905,28.17285714,20.19190476,,
2022-11-08,static,820,24.01809524,71.89460317,0.0,28.07380952,19.80730159,,
2022-11-09,static,796,23.79666667,73.18095238,0.0,27.73190476,20.03761905,,
2022-11-10,static,888,23.51650794,73.63031746,0.0,27.45920635,19.4815873,,
2022-11-11,static,266,23.20555556,74.85428571,0.0,27.64730159,18.86634921,,
2022-11-12,static,918,22.94920635,77.35333333,0.002539683,27.67285714,19.00428571,,
2022-11-13,static,859,21.5531746,76.77253968,0.119047619,26.34031746,17.37285714,,
2022-11-14,static,760,21.56174603,73.67984127,0.192857143,26.59968254,16.64888889,,
2022-11-15,static,692,21.86793651,73.44968254,0.000634921,26.77063492,17.10111111,,
2022-11-16,static,675,21.63031746,76.24492063,0.006666667,26.4515873,17.07111111,,
2022-11-17,static,685,21.76825397,76.96396825,0.003968254,26.91492063,17.05809524,,
2022-11-18,static,250,20.91269841,77.86095238,0.001428571,26.0652381,16.59142857,,
2022-11-19,static,559,20.90063492,76.47952381,0.034920635,26.87285714,15.51666667,,
2022-11-20,static,646,21.95571429,76.43063492,0.41952381,27.52698413,16.64603175,,
2022-11-21,static,606,21.37507937,77.2515873,0.333333333,26.78269841,17.03301587,,
2022-11-22,static,515,20.69809524,77.79761905,0.555555556,26.29126984,16.04650794,,
2022-11-23,static,477,20.3431746,79.37111111,0.944285714,25.7068254,15.89619048,,
2022-11-24,static,519,20.22873016,77.08365079,0.936031746,26.19587302,15.15380952,,
2022-11-25,static,221,20.88507937,77.19444444,10.92095238,26.77777778,15.41650794,,
2022-11-26,static,462,21.34333333,76.4247619,3.157936508,26.54126984,16.26349206,,
2022-11-27,static,523,21.22238095,74.21793651,0.146349206,25.96619048,16.46634921,,
2022-11-28,static,366,21.45,76.74333333,0.068730159,26.51174603,16.51825397,,
2022-11-29,static,436,22.52809524,76.79396825,0.238095238,27.56952381,17.74793651,,
2022-11-30,static,426,22.28095238,78.74809524,0.030793651,27.35142857,18.05587302,,
2022-12-01,static,380,21.4184127,78.51047619,0.006190476,26.96873016,17.21142857,,
2022-12-02,static,120,20.29365079,77.61111111,0.0,26.10047619,15.61365079,,
2022-12-03,static,351,19.70285714,75.3952381,0.0,25.30412698,14.73952381,,
2022-12-04,static,410,19.86206349,74.66253968,0.0,25.56095238,14.76492063,,
2022-12-05,static,308,19.97285714,77.41920635,0.0,25.91984127,14.98301587,,
2022-12-06,static,269,19.67079365,77.92904762,0.0,25.35619048,14.86730159,,
2022-12-07,static,253,19.09174603,77.48365079,0.00015873,24.86761905,14.33285714,,
2022-12-08,static,246,19.34857143,76.9331746,0.00015873,24.96015873,14.43714286,,
2022-12-09,static,118,19.6131746,74.8784127,0.0,24.72619048,14.54730159,,
2022-12-10,static,265,20.18047619,74.33714286,0.0,25.47,15.26269841,,
2022-12-11,static,220,19.81698413,75.62984127,0.0,25.51492063,14.97825397,,
2022-12-12,static,224,19.66777778,74.98761905,0.0,25.14746032,14.70920635,,
2022-12-13,static,220,19.97920635,73.6331746,0.0,25.24761905,15.27555556,,
2022-12-14,static,184,19.91253968,74.25587302,0.0,25.03365079,15.32634921,,
2022-12-15,static,163,18.9831746,72.67285714,0.0,24.57888889,14.35619048,,
2022-12-16,static,49,18.04666667,72.09904762,0.0,24.13666667,13.16984127,,
2022-12-17,static,125,18.38825397,72.93444444,0.0,24.32714286,12.99380952,,
2022-12-18,static,145,19.07174603,73.44142857,0.0,24.48142857,13.78603175,,
2022-12-19,static,113,19.81206349,73.97634921,0.0,25.02555556,15.26,,
2022-12-20,static,108,19.45142857,74.42984127,0.0,24.83365079,14.78460317,,
2022-12-21,static,126,18.84492063,75.16507937,0.0,24.52142857,14.18904762,,
2022-12-22,static,89,18.74730159,72.78,0.0,24.41380952,13.91698413,,
2022-12-23,static,39,18.81206349,66.31285714,0.0,24.92047619,13.64920635,,
2022-12-24,static,89,18.98952381,65.55460317,0.0,24.82746032,13.72888889,,
2022-12-25,static,49,19.86587302,70.21952381,0.095714286,25.00047619,15.52269841,,
2022-12-26,static,106,20.65968254,74.86063492,0.476190476,25.81460317,16.67571429,,
2022-12-27,static,62,20.29730159,78.9652381,2.098571429,25.07777778,16.51825397,,
2022-12-28,static,67,18.66809524,76.43730159,6.064285714,23.54793651,14.5615873,,
2022-12-29,static,65,17.07079365,70.85142857,0.162380952,23.16222222,12.06555556,,
2022-12-30,static,14,17.2984127,68.04269841,0.027619048,22.69714286,12.50063492,,
2022-12-31,static,47,17.78460317,69.24031746,0.0,23.23142857,12.8947619,,
2023-01-01,static,41,17.59587302,73.78031746,0.001746032,23.2052381,13.1815873,,
2023-01-02,static,38,17.61666667,73.64174603,0.0,23.37761905,12.8168254,,
2023-01-03,static,48,17.09444444,73.79222222,0.0,23.28222222,12.25253968,,
2023-01-04,static,49,16.26047619,74.28984127,0.0,22.62031746,11.48492063,,
2023-01-05,static,31,16.18047619,74.58047619,0.0,23.0847619,10.82444444,,
2023-01-06,static,8,16.39015873,72.58793651,0.011269841,23.63285714,10.57730159,,
2023-01-07,static,27,16.6468254,73.05063492,0.002698413,23.73396825,10.71396825,,
2023-01-08,static,27,17.10634921,72.59539683,0.003333333,24.16285714,11.39936508,,
2023-01-09,static,20,17.88857143,71.34714286,0.001904762,25.17412698,11.8431746,,
2023-01-10,static,32,18.17793651,67.81888889,0.0,25.52666667,12.40063492,,
2023-01-11,static,20,17.12142857,67.10968254,0.0,23.80365079,11.60714286,,
2023-01-12,static,18,17.1052381,64.67555556,0.0,23.43952381,11.2684127,,
2023-01-13,static,10,18.20825397,63.7584127,0.0,24.28555556,12.4184127,,
2023-01-14,static,7,18.96714286,71.66619048,0.0,24.94095238,13.56634921,,
2023-01-15,static,22,18.70793651,72.13555556,0.0,24.40873016,14.36365079,,
2023-01-16,static,13,17.56396825,69.96444444,0.0,23.36698413,12.79349206,,
2023-01-17,static,12,16.83428571,66.8268254,0.00031746,22.88904762,11.73238095,,
2023-01-18,static,14,16.47031746,64.65634921,0.008730159,22.15761905,11.76888889,,
2023-01-19,static,16,16.16920635,63.44095238,0.000634921,22.51365079,10.92222222,,
2023-01-20,static,1,16.70777778,60.1868254,0.0,22.99666667,11.07761905,,
2023-01-21,static,11,18.0931746,59.73142857,0.965396825,24.46587302,11.85396825,,
2023-01-22,static,8,18.82031746,62.30571429,0.0,25.03920635,13.01,,
2023-01-23,static,15,19.26809524,68.89095238,0.0,25.44809524,13.67190476,,
2023-01-24,static,14,20.13031746,69.78555556,0.0,26.86650794,14.32444444,,
2023-01-25,static,12,20.89285714,66.29126984,0.0,27.01571429,15.09396825,,
2023-01-26,static,2,21.28873016,68.26063492,0.0,27.39936508,15.71666667,,
2023-01-27,static,2,21.45111111,70.60873016,0.0,27.36920635,16.35095238,,
2023-01-28,static,6,20.89539683,71.01111111,0.0,26.95809524,15.84111111,,
2023-01-29,static,14,20.34174603,65.53809524,0.0,26.9252381,14.34174603,,
2023-01-30,static,7,21.1315873,64.28333333,0.0,28.06142857,14.67793651,,
2023-01-31,static,14,21.3152381,62.62666667,0.150793651,27.47206349,15.70412698,,
2023-02-01,static,2,20.91333333,63.37333333,0.0,27.21603175,15.99174603,,
2023-02-02,static,8,19.28571429,56.70190476,0.0,26.62730159,13.01761905,,
2023-02-03,static,2,18.95492063,56.97634921,0.0,26.37095238,12.5915873,,
2023-02-04,static,10,19.21777778,57.2931746,0.0,26.15492063,12.8631746,,
2023-02-05,static,5,19.94793651,54.74539683,0.0,26.5647619,14.01492063,,
2023-02-06,static,11,20.53984127,52.49857143,0.0,26.91269841,14.76587302,,
2023-02-07,static,7,20.8715873,58.85587302,0.0,27.23968254,14.76380952,,
2023-02-08,static,11,21.44825397,66.42936508,0.00015873,28.15809524,15.6384127,,
2023-02-09,static,6,21.63761905,63.61396825,0.001111111,27.86857143,16.25111111,,
2023-02-10,static,3,21.27761905,56.08793651,0.0,27.41285714,15.59063492,,
2023-02-11,static,13,21.81539683,57.53730159,0.0,28.89111111,15.02920635,,
2023-02-12,static,14,21.90126984,61.21460317,0.0,28.92349206,16.05253968,,
2023-02-13,static,5,20.10873016,44.17190476,0.00031746,27.24714286,13.13031746,,
2023-02-14,static,10,20.26063492,41.98746032,0.0,27.59349206,13.72253968,,
2023-02-15,static,9,20.51174603,45.39142857,0.0,26.80873016,14.4652381,,
2023-02-16,static,0,21.53587302,50.29190476,0.003968254,28.01968254,15.7152381,,
2023-02-17,static,0,22.21761905,55.00666667,0.036031746,28.21285714,16.93396825,,
2023-02-18,static,5,22.83396825,56.3847619,0.094126984,28.41619048,17.78555556,,
2023-02-19,static,4,23.20047619,58.51555556,0.024603175,28.71206349,17.91380952,,
2023-02-20,static,4,23.8131746,61.72984127,0.00952381,29.33396825,18.46238095,,
2023-02-21,static,1,24.10380952,66.76015873,0.143333333,29.90460317,19.01015873,,
2023-02-22,static,8,24.48539683,69.58920635,0.563015873,31.40984127,19.01301587,,
2023-02-23,static,5,24.52873016,64.33571429,0.455873016,31.16142857,19.04238095,,
2023-02-24,static,2,24.50095238,63.39492063,0.705555556,31.02873016,18.92126984,,
2023-02-25,static,4,24.44603175,56.18174603,0.473492063,31.27587302,18.74746032,,
2023-02-26,static,8,24.55206349,49.49857143,0.407936508,31.77825397,17.85555556,,
2023-02-27,static,3,24.5784127,46.96809524,1.125396825,31.34301587,18.75095238,,
2023-02-28,static,2,24.47285714,47.31761905,0.017619048,31.42428571,18.6152381,,
2023-03-01,static,3,24.65873016,50.64396825,0.00031746,31.96492063,18.09603175,,
2023-03-02,static,16,25.40238095,49.44142857,0.0,32.33095238,18.91126984,,
2023-03-03,static,1,26.00365079,44.77984127,0.0,32.97412698,19.87349206,,
2023-03-04,static,2,26.66095238,45.8852381,0.0,33.50920635,20.02428571,,
2023-03-05,static,4,26.69952381,48.21571429,0.003015873,33.72809524,20.20936508,,
2023-03-06,static,8,26.71666667,45.1347619,0.005079365,33.76571429,20.29634921,,
2023-03-07,static,2,26.41555556,43.42126984,0.001428571,33.69142857,19.73888889,,
2023-03-08,static,1,26.62,42.37888889,0.0,33.40619048,20.74603175,,
2023-03-09,static,7,26.52015873,44.81714286,0.001746032,32.91634921,20.82984127,,
2023-03-10,static,1,25.6052381,44.98761905,0.0,31.07047619,20.73619048,,
2023-03-11,static,2,26.97380952,45.3352381,0.071904762,33.69761905,20.73428571,,
2023-03-12,static,3,27.33301587,45.78793651,0.141111111,34.56571429,20.9652381,,
2023-03-13,static,4,27.6715873,44.54904762,0.060793651,34.73428571,21.19380952,,
2023-03-14,static,2,27.11603175,52.42349206,0.133015873,32.87142857,22.09825397,,
2023-03-15,static,5,26.94460317,57.66492063,1.356666667,33.15587302,22.03126984,,
2023-03-16,static,3,25.70015873,65.00984127,3.573492063,31.27603175,21.28222222,,
2023-03-17,static,0,25.18888889,66.90285714,3.144444444,29.98380952,21.3068254,,
2023-03-18,static,4,25.49396825,64.09936508,6.12984127,30.78809524,21.06936508,,
2023-03-19,static,7,23.48539683,77.93746032,18.33603175,26.91460317,21.22460317,,
2023-03-20,static,2,23.40095238,78.33666667,14.8568254,27.35968254,20.53650794,,
2023-03-21,static,4,24.28253968,74.21063492,14.6747619,28.70777778,20.21968254,,
2023-03-22,static,5,24.49920635,69.42079365,8.735238095,29.11793651,20.26587302,,
2023-03-23,static,1,24.78539683,64.87650794,3.325873016,29.89730159,19.90063492,,
2023-03-24,static,0,25.45587302,64.66365079,1.543015873,31.22873016,19.77746032,,
2023-03-25,static,6,26.3668254,66.39,2.318095238,32.02047619,20.94126984,,
2023-03-26,static,0,27.01730159,67.6084127,1.683333333,32.91507937,21.94587302,,
2023-03-27,static,4,26.9715873,67.8447619,4.113015873,32.59587302,22.10809524,,
2023-03-28,static,6,27.2384127,65.25825397,5.069047619,32.92603175,22.17444444,,
2023-03-29,static,2,26.98301587,68.22031746,8.86047619,32.11746032,22.5068254,,
2023-03-30,static,6,26.56253968,71.28793651,7.271428571,31.50269841,22.03015873,,
2023-03-31,static,0,25.46825397,79.18777778,17.91444444,29.86174603,22.04428571,,
2023-04-01,static,4,24.54968254,81.00666667,26.60857143,27.90492063,22.03952381,,
2023-04-02,static,3,25.16619048,73.50222222,8.993492063,29.73968254,20.8147619,,
2023-04-03,static,2,26.3147619,68.25111111,5.166666667,31.52746032,20.98619048,,
2023-04-04,static,5,27.2447619,68.34603175,3.245714286,32.65206349,22.32825397,,
2023-04-05,static,5,27.56349206,70.89190476,5.842222222,33.33269841,22.69603175,,
2023-04-06,static,12,27.67301587,62.70206349,2.962222222,33.64444444,22.13857143,,
2023-04-07,static,0,28.05555556,55.99650794,1.05984127,34.32698413,21.61111111,,
2023-04-08,static,1,28.52587302,54.77190476,0.016984127,34.85761905,22.08396825,,
2023-04-09,static,4,28.83253968,53.90301587,0.246190476,34.80936508,22.87285714,,
2023-04-10,static,9,28.88968254,56.02095238,0.781746032,35.26079365,22.38238095,,
2023-04-11,static,6,29.46269841,54.85063492,0.065396825,35.97142857,23.33428571,,
2023-04-12,static,4,29.56698413,49.60079365,0.0,36.32126984,22.83190476,,
2023-04-13,static,3,29.92079365,50.21825397,0.0,36.91428571,22.81,,
2023-04-14,static,0,30.79269841,53.85079365,0.0,37.86809524,23.90920635,,
2023-04-15,static,0,31.11634921,55.59412698,0.001111111,37.79936508,25.16936508,,
2023-04-16,static,7,30.97269841,56.23174603,0.040793651,37.35587302,25.24888889,,
2023-04-17,static,5,30.94253968,61.5468254,0.097142857,37.48650794,25.19698413,,
2023-04-18,static,7,31.13492063,64.02492063,0.118095238,37.65777778,25.66126984,,
2023-04-19,static,0,31.15285714,63.62571429,0.591587302,37.84873016,25.55507937,,
2023-04-20,static,1,31.32746032,62.41793651,1.747301587,38.03031746,25.76507937,,
2023-04-21,static,0,30.95349206,61.18412698,3.828571429,37.11746032,25.55222222,,
2023-04-22,static,0,30.18904762,57.37031746,2.499206349,36.08539683,25.04603175,,
2023-04-23,static,0,28.48301587,59.86857143,5.654285714,32.7284127,24.98079365,,
2023-04-24,static,9,28.65444444,59.9252381,1.713333333,34.01047619,23.40968254,,
2023-04-25,static,11,28.98111111,57.91507937,2.727301587,34.02444444,23.92698413,,
2023-04-26,static,8,29.57428571,56.97984127,1.255238095,35.22333333,24.05142857,,
2023-04-27,static,13,30.1515873,57.03603175,1.405396825,35.6447619,24.82380952,,
2023-04-28,static,0,28.84809524,62.67301587,7.877301587,33.65206349,24.28349206,,
2023-04-29,static,15,29.56666667,63.35222222,4.807142857,35.05095238,24.63079365,,
2023-04-30,static,9,29.05809524,65.5284127,10.24047619,33.85253968,24.90269841,,
2023-05-01,static,24,28.12539683,68.09079365,4.612857143,32.10968254,24.69333333,,
2023-05-02,static,27,28.99619048,61.11730159,0.647142857,33.77285714,24.80412698,,
2023-05-03,static,16,29.23650794,63.67873016,3.427142857,34.08539683,24.7668254,,
2023-05-04,static,9,28.59031746,69.08380952,9.047460317,33.08857143,24.96888889,,
2023-05-05,static,4,28.67365079,69.9752381,6.913333333,32.98587302,24.67380952,,
2023-05-06,static,14,29.59666667,65.62412698,3.376666667,34.72301587,24.98888889,,
2023-05-07,static,9,30.36349206,60.45587302,1.746984127,36.23650794,24.92603175,,
2023-05-08,static,34,31.25126984,55.27460317,0.138253968,37.94936508,25.01079365,,
2023-05-09,static,21,31.53492063,54.45222222,0.291587302,38.09888889,25.80047619,,
2023-05-10,static,28,31.69190476,58.16793651,1.157460317,38.25936508,25.93238095,,
2023-05-11,static,19,31.25984127,61.62666667,2.258253968,36.95174603,26.25047619,,
2023-05-12,static,5,30.31190476,65.5115873,4.912222222,35.04507937,25.99571429,,
2023-05-13,static,29,30.32047619,63.51079365,2.651428571,35.81539683,25.71079365,,
2023-05-14,static,18,29.77079365,60.21460317,0.414444444,35.50571429,25.23365079,,
2023-05-15,static,18,29.72873016,58.65888889,1.771269841,35.68333333,24.09492063,,
2023-05-16,static,31,30.24126984,69.63761905,12.33825397,35.52634921,25.97206349,,
2023-05-17,static,38,29.24063492,78.20936508,23.3668254,33.56539683,25.97555556,,
2023-05-18,static,29,28.30015873,83.00190476,28.80555556,31.88285714,25.65857143,,
2023-05-19,static,3,28.72730159,81.18952381,10.74142857,32.73047619,25.50269841,,
2023-05-20,static,52,29.39761905,76.49936508,7.69047619,33.89603175,26.02079365,,
2023-05-21,static,33,29.06587302,77.59571429,9.07968254,33.38746032,25.33968254,,
2023-05-22,static,40,28.92079365,80.32174603,10.5684127,32.58936508,25.94444444,,
2023-05-23,static,46,28.67507937,82.59730159,18.09079365,32.05015873,26.10031746,,
2023-05-24,static,35,27.90222222,81.6631746,23.41507937,31.31920635,25.27968254,,
2023-05-25,static,52,28.19396825,80.87444444,11.78777778,31.97412698,24.67968254,,
2023-05-26,static,4,28.63555556,80.57269841,16.15253968,32.06857143,25.83619048,,
2023-05-27,static,80,28.67873016,77.34238095,11.85285714,32.29952381,25.6168254,,
2023-05-28,static,67,29.09063492,71.32730159,4.331428571,33.21301587,25.05079365,,
2023-05-29,static,72,30.16428571,67.87619048,0.52031746,34.36555556,26.05285714,,
2023-05-30,static,84,30.91920635,68.05365079,0.094444444,35.37174603,26.51873016,,
2023-05-31,static,95,31.26126984,69.69873016,0.126349206,35.65079365,26.96634921,,
2023-06-01,static,112,30.74746032,72.53777778,1.133015873,34.74603175,27.58333333,,
2023-06-02,static,4,30.76857143,70.60619048,1.86015873,35.25936508,26.91984127,,
2023-06-03,static,141,30.6047619,74.02174603,1.937301587,34.87365079,26.80714286,,
2023-06-04,static,97,30.71126984,73.01253968,1.08968254,34.86619048,26.97873016,,
2023-06-05,static,101,30.84142857,72.09333333,1.181904762,35.15984127,26.68920635,,
2023-06-06,static,96,31.07825397,69.58587302,1.038095238,35.16857143,27.35857143,,
2023-06-07,static,147,31.49063492,69.43111111,2.528571429,35.86396825,27.55730159,,
2023-06-08,static,134,31.27063492,70.91269841,12.64126984,35.28714286,27.82444444,,
2023-06-09,static,11,29.98650794,75.00984127,19.84126984,33.25301587,27.44111111,,
2023-06-10,static,156,30.05873016,75.39365079,11.69587302,34.08904762,26.75047619,,
2023-06-11,static,189,30.20333333,77.33111111,16.4768254,34.01730159,26.91984127,,
2023-06-12,static,180,29.50793651,82.94174603,14.48349206,32.49365079,27.21079365,,
2023-06-13,static,211,29.99063492,81.68984127,14.15349206,33.81714286,26.79222222,,
2023-06-14,static,201,30.12777778,82.12968254,21.67380952,33.55761905,27.73142857,,
2023-06-15,static,285,30.68492063,79.85031746,25.5415873,34.86603175,27.92888889,,
2023-06-16,static,39,30.46079365,81.34206349,35.30126984,34.4147619,27.76809524,,
2023-06-17,static,477,30.30507937,82.45603175,19.15015873,33.89365079,27.68603175,,
2023-06-18,static,305,29.47126984,84.76190476,33.88047619,32.4152381,27.32730159,,
2023-06-19,static,322,28.85571429,87.56904762,20.59126984,31.31380952,27.00333333,,
2023-06-20,static,334,28.94428571,85.14666667,12.6868254,31.75349206,26.82285714,,
2023-06-21,static,360,28.68460317,87.8515873,17.5815873,30.82603175,27.0884127,,
2023-06-22,static,369,28.37,86.40603175,12.60555556,30.78507937,26.53492063,,
2023-06-23,static,46,28.79825397,84.63365079,12.63857143,31.94111111,26.11809524,,
2023-06-24,static,500,28.9731746,84.2968254,17.44730159,32.53063492,26.42301587,,
2023-06-25,static,399,28.79873016,83.43857143,11.38793651,32.22095238,26.12904762,,
2023-06-26,static,371,28.18206349,86.62746032,23.69714286,30.78301587,26.22206349,,
2023-06-27,static,145,27.92968254,89.05857143,39.13285714,30.2784127,26.20095238,,
2023-06-28,static,108,28.13492063,88.91873016,33.71015873,30.55603175,26.23793651,,
2023-06-29,static,44,28.00730159,90.35492063,34.39460317,29.99746032,26.50952381,,
2023-06-30,static,72,28.40206349,89.54349206,25.69333333,30.73555556,26.56349206,,
2023-07-01,static,270,29.04984127,86.51507937,33.45412698,31.82412698,26.79301587,,
2023-07-02,static,509,28.82952381,89.18777778,19.8931746,31.32380952,26.90730159,,
2023-07-03,static,436,28.80857143,89.45412698,20.25396825,30.96412698,27.18714286,,
2023-07-04,static,678,29.19984127,85.93015873,8.22031746,32.00984127,26.84761905,,
2023-07-05,static,584,29.08825397,86.51619048,14.39539683,31.83793651,26.77095238,,
2023-07-06,static,661,28.75761905,87.96952381,21.39174603,31.20301587,26.86698413,,
2023-07-07,static,182,28.58047619,89.42698413,14.12285714,30.60507937,26.97984127,,
2023-07-08,static,820,28.86936508,87.55761905,11.36095238,31.65539683,26.8252381,,
2023-07-09,static,836,29.08920635,86.11365079,8.047301587,31.89952381,26.60952381,,
2023-07-10,static,889,29.29539683,86.35904762,10.48777778,32.26349206,26.95873016,,
2023-07-11,static,1054,28.89873016,85.89825397,11.20380952,31.97380952,26.68380952,,
2023-07-12,static,1246,28.27063492,86.65412698,10.52095238,31.08904762,25.95793651,,
2023-07-13,static,1239,28.53857143,88.41714286,15.78285714,30.99571429,26.63936508,,
2023-07-14,static,449,28.5052381,88.54968254,23.36634921,30.96095238,26.61412698,,
2023-07-15,static,1623,28.73634921,86.42031746,10.31587302,31.70904762,26.41111111,,
2023-07-16,static,1424,28.50349206,87.79952381,5.887301587,31.28,26.11666667,,
2023-07-17,static,1589,28.39904762,88.19079365,5.178888889,30.8731746,26.46857143,,
2023-07-18,static,1533,28.94571429,85.80444444,3.251904762,31.99206349,26.36047619,,
2023-07-19,static,1792,29.24063492,85.7615873,4.020793651,32.41412698,26.7152381,,
2023-07-20,static,1755,29.29460317,86.11825397,2.371746032,32.33888889,26.83777778,,
2023-07-21,static,496,29.07761905,86.64253968,6.302539683,31.71603175,27.02730159,,
2023-07-22,static,2242,28.80380952,87.07777778,6.49015873,31.35873016,26.8484127,,
2023-07-23,static,2292,29.1747619,85.10984127,3.221269841,32.05396825,26.74222222,,
2023-07-24,static,2293,29.3668254,83.67063492,1.536031746,32.53,26.73857143,,
2023-07-25,static,2418,29.34587302,83.91634921,3.558730159,32.49730159,26.85825397,,
2023-07-26,static,2653,29.04809524,85.87936508,10.83111111,32.03111111,26.68380952,,
2023-07-27,static,2361,29.22111111,85.78047619,10.11539683,32.31793651,26.74333333,,
2023-07-28,static,1503,29.20809524,85.90507937,11.91174603,32.31555556,26.88492063,,
2023-07-29,static,2202,29.42126984,85.95698413,9.908253968,32.53555556,26.86365079,,
2023-07-30,static,2731,30.1015873,82.77206349,5.485714286,33.11761905,27.20968254,,
2023-07-31,static,2694,30.60888889,80.26333333,11.89047619,33.65380952,27.66095238,,
2023-08-01,static,2584,30.13666667,84.87761905,29.27793651,33.36746032,27.65444444,,
2023-08-02,static,2711,28.9347619,87.94666667,20.07444444,31.57587302,26.95793651,,
2023-08-03,static,2589,28.87333333,87.29603175,12.35809524,31.79063492,26.60015873,,
2023-08-04,static,1757,28.68904762,87.2284127,26.07349206,31.33428571,26.79365079,,
2023-08-05,static,2495,28.51714286,86.82015873,12.98619048,31.29190476,26.23396825,,
2023-08-06,static,2764,28.34190476,88.94,39.0852381,30.59666667,26.64079365,,
2023-08-07,static,2751,28.26920635,90.95793651,102.6612698,30.24142857,26.90333333,,
2023-08-08,static,2742,28.0052381,90.13349206,55.9347619,30.15968254,26.51507937,,
2023-08-09,static,2844,28.31,88.8015873,15.02396825,31.06920635,26.25634921,,
2023-08-10,static,2959,28.40793651,86.91095238,8.711111111,31.05571429,26.3115873,,
2023-08-11,static,2046,28.3184127,87.46079365,17.12539683,30.96888889,26.18111111,,
2023-08-12,static,2432,27.76634921,90.43603175,24.42063492,29.7368254,26.30666667,,
2023-08-13,static,2905,27.88984127,88.49444444,25.39984127,30.3431746,25.99920635,,
2023-08-14,static,2480,28.29031746,84.03507937,11.72777778,31.54285714,25.39095238,,
2023-08-15,static,2984,28.63968254,86.39555556,11.00190476,31.53507937,26.07793651,,
2023-08-16,static,2149,29.00857143,86.98936508,12.29396825,31.91650794,26.71349206,,
2023-08-17,static,2288,28.84761905,87.2415873,17.27746032,31.30968254,26.78,,
2023-08-18,static,1565,28.67206349,87.20396825,7.17984127,31.60047619,26.3647619,,
2023-08-19,static,1983,28.47619048,88.21253968,4.228888889,31.35190476,26.32269841,,
2023-08-20,static,2134,28.72968254,86.07746032,1.756031746,31.70539683,26.35206349,,
2023-08-21,static,2197,28.15888889,87.27730159,8.874761905,30.76285714,26.12507937,,
2023-08-22,static,2168,28.03428571,90.55349206,11.25047619,30.13444444,26.38015873,,
2023-08-23,static,2070,28.02888889,90.62888889,26.71873016,30.08031746,26.44746032,,
2023-08-24,static,2201,28.08904762,91.41222222,31.38571429,30.17809524,26.50920635,,
2023-08-25,static,1594,27.8931746,90.75904762,29.48952381,30.04920635,26.25174603,,
2023-08-26,static,1960,27.99333333,90.09761905,30.0215873,30.48666667,26.05222222,,
2023-08-27,static,2327,28.39936508,89.52095238,25.93015873,31.06365079,26.37888889,,
2023-08-28,static,2331,28.96079365,85.77396825,8.231269841,31.90126984,26.51746032,,
2023-08-29,static,2291,29.31952381,80.70984127,4.755079365,32.40539683,26.23063492,,
2023-08-30,static,2367,29.4684127,80.23380952,3.302063492,32.64666667,26.10714286,,
2023-08-31,static,2308,29.3515873,82.37190476,8.669206349,32.22888889,26.63063492,,
2023-09-01,static,1534,29.15603175,84.91904762,10.37761905,31.79285714,26.89650794,,
2023-09-02,static,2352,29.56444444,83.63365079,8.387460317,32.31873016,26.95507937,,
2023-09-03,static,2608,29.0352381,86.24253968,14.63333333,31.30079365,27.09761905,,
2023-09-04,static,2823,28.15746032,87.9115873,16.91079365,30.4152381,26.35380952,,
2023-09-05,static,2782,29.22396825,84.17349206,11.02984127,32.4531746,26.04047619,,
2023-09-06,static,2115,28.9184127,86.96666667,8.346507937,31.39952381,26.8768254,,
2023-09-07,static,2689,28.1347619,90.15412698,20.13587302,30.42507937,26.31238095,,
2023-09-08,static,1876,27.74206349,92.06111111,19.73095238,29.44253968,26.49984127,,
2023-09-09,static,2748,28.39825397,86.59777778,5.380952381,31.10761905,26.09396825,,
2023-09-10,static,2993,28.89142857,84.99079365,3.526825397,31.90984127,26.24063492,,
2023-09-11,static,2944,28.66984127,86.25095238,10.02619048,31.49952381,26.52015873,,
2023-09-12,static,2956,28.70190476,85.4984127,12.45460317,31.43730159,26.31301587,,
2023-09-13,static,2944,28.28031746,88.81730159,9.601904762,30.59888889,26.36142857,,
2023-09-14,static,2663,28.11365079,89.36761905,16.10206349,30.56428571,26.48888889,,
2023-09-15,static,2129,28.03380952,89.14507937,6.809365079,30.4431746,26.33206349,,
2023-09-16,static,2598,28.76492063,84.80285714,3.326507937,31.81793651,26.05904762,,
2023-09-17,static,3122,29.54777778,81.93650794,4.268730159,32.74650794,26.47904762,,
2023-09-18,static,3084,28.2031746,88.64793651,22.55619048,30.41650794,26.4731746,,
2023-09-19,static,3027,27.58873016,90.24428571,20.6752381,29.85492063,25.94095238,,
2023-09-20,static,3015,27.42873016,91.70666667,22.2247619,29.28492063,25.99555556,,
2023-09-21,static,2889,27.52587302,91.99920635,23.3247619,29.23142857,26.36936508,,
2023-09-22,static,2153,27.49587302,91.07634921,18.92777778,29.49111111,26.12857143,,
2023-09-23,static,2865,27.69365079,89.99968254,21.03190476,30.04603175,25.9,,
2023-09-24,static,3008,27.64920635,89.89936508,23.28396825,29.96714286,25.9868254,,
2023-09-25,static,3033,27.85888889,88.48333333,11.5947619,30.44269841,25.8031746,,
2023-09-26,static,3123,28.35555556,85.16396825,8.751111111,31.13555556,26.00174603,,
2023-09-27,static,2950,28.49126984,84.65222222,7.305396825,31.33619048,25.91920635,,
2023-09-28,static,2357,28.84349206,85.4168254,2.773492063,31.7747619,25.97142857,,
2023-09-29,static,1793,28.28761905,90.19063492,10.24920635,30.39619048,26.56349206,,
2023-09-30,static,2425,27.72142857,90.64920635,14.47777778,29.6631746,26.2647619,,
2023-10-01,static,2882,27.79,89.11079365,12.86603175,30.22047619,26.02904762,,
2023-10-02,static,2596,27.74063492,89.94809524,11.24428571,30.41888889,25.86825397,,
2023-10-03,static,2799,27.44380952,90.29460317,26.49936508,30.04920635,25.66142857,,
2023-10-04,static,2564,27.07,92.00619048,42.42936508,29.03809524,25.63380952,,
2023-10-05,static,2617,26.79904762,92.64,64.05,28.37603175,25.54809524,,
2023-10-06,static,1800,27.2815873,90.90047619,48.21349206,29.38301587,25.64888889,,
2023-10-07,static,2158,27.67634921,89.0915873,12.72301587,30.52714286,25.64396825,,
2023-10-08,static,2742,27.85126984,87.19206349,8.436507937,30.7968254,25.30492063,,
2023-10-09,static,2660,27.98190476,86.58793651,6.03031746,30.88730159,25.56587302,,
2023-10-10,static,2555,28.54507937,80.36873016,2.682857143,31.4884127,25.70571429,,
2023-10-11,static,2425,28.19380952,79.75126984,1.785555556,31.32873016,25.2268254,,
2023-10-12,static,2327,27.94365079,78.56777778,3.449206349,31.14349206,24.90539683,,
2023-10-13,static,1673,27.70793651,72.54809524,2.490634921,30.87142857,24.54349206,,
2023-10-14,static,2047,27.3015873,70.28015873,0.267777778,30.5852381,23.97539683,,
2023-10-15,static,2363,26.96825397,72.61603175,0.016349206,30.65888889,23.24365079,,
2023-10-16,static,2475,26.76587302,74.0015873,0.00047619,30.45968254,22.99634921,,
2023-10-17,static,2609,26.88968254,72.9615873,0.025714286,30.48730159,23.40396825,,
2023-10-18,static,2495,26.39492063,77.31380952,0.191746032,29.83730159,23.14492063,,
2023-10-19,static,2350,25.66079365,80.76952381,0.044285714,29.22777778,22.34809524,,
2023-10-20,static,1558,25.26650794,80.98793651,0.002539683,29.33253968,21.64761905,,
2023-10-21,static,1889,25.12174603,79.08428571,0.00031746,29.43650794,20.98349206,,
2023-10-22,static,2056,25.47619048,77.88904762,2.074603175,29.45174603,21.26873016,,
2023-10-23,static,2014,25.43857143,82.92365079,7.564761905,28.79,22.70920635,,
2023-10-24,static,1852,25.19714286,88.36365079,30.1431746,28.10222222,23.19095238,,
2023-10-25,static,1917,25.78174603,84.64365079,3.942539683,29.30857143,22.77952381,,
2023-10-26,static,1802,25.99253968,80.08142857,3.243333333,29.43095238,22.92063492,,
2023-10-27,static,1431,25.24285714,78.57587302,0.628253968,28.94952381,21.84460317,,
2023-10-28,static,1800,24.47650794,77.01285714,0.010634921,28.61809524,21.04396825,,
2023-10-29,static,1818,24.00920635,75.40079365,0.00047619,28.3584127,19.95952381,,
2023-10-30,static,1708,24.70619048,75.94142857,0.0,28.83634921,20.75746032,,
2023-10-31,static,1787,25.07396825,76.77253968,0.00031746,28.97571429,20.79412698,,
2023-11-01,static,1903,25.18634921,78.13396825,0.102063492,29.65,21.0752381,,
2023-11-02,static,1728,25.24460317,79.63396825,0.091587302,29.39015873,21.44365079,,
2023-11-03,static,1357,25.33444444,78.54380952,0.299365079,28.69809524,21.78031746,,
2023-11-04,static,1638,25.51539683,76.38126984,0.35,29.13428571,21.78793651,,
2023-11-05,static,2103,24.76,79.16301587,0.381269841,28.58698413,21.50936508,,
2023-11-06,static,1794,23.66269841,77.74301587,0.063015873,28.01190476,20.13507937,,
2023-11-07,static,1895,23.10650794,75.29047619,0.0,27.41619048,19.46253968,,
2023-11-08,static,1912,22.73793651,75.66174603,0.007936508,27.03587302,18.72174603,,
2023-11-09,static,1734,22.80190476,75.68936508,0.001111111,27.25634921,18.5947619,,
2023-11-10,static,1333,22.89888889,77.20015873,0.0,27.56555556,18.54396825,,
2023-11-11,static,1512,23.00365079,78.41793651,0.0,27.71904762,18.69952381,,
2023-11-12,static,1748,23.03444444,79.20428571,0.00047619,27.87396825,18.92333333,,
2023-11-13,static,1740,22.97222222,78.97047619,0.012539683,27.65825397,18.58031746,,
2023-11-14,static,1470,23.18190476,76.68507937,0.002222222,27.82238095,18.49063492,,
2023-11-15,static,1623,23.38714286,73.31126984,0.702698413,27.90825397,18.74095238,,
2023-11-16,static,1429,23.18777778,83.70603175,24.24349206,26.94142857,19.99968254,,
2023-11-17,static,956,23.45174603,90.69063492,44.18396825,26.22222222,21.37285714,,
2023-11-18,static,914,23.37047619,84.79539683,5.384761905,27.06603175,20.0384127,,
2023-11-19,static,1291,23.51031746,82.85095238,1.629047619,27.60111111,19.71920635,,
2023-11-20,static,1197,23.51380952,82.55857143,0.152380952,27.55365079,19.62587302,,
2023-11-21,static,1084,23.35142857,81.26301587,0.187301587,27.14873016,20.21603175,,
2023-11-22,static,1162,21.80365079,79.59777778,0.009365079,26.33428571,18.29888889,,
2023-11-23,static,1094,21.1447619,77.50888889,0.005238095,25.98904762,16.78253968,,
2023-11-24,static,645,21.60063492,76.05888889,0.0,26.33460317,16.96650794,,
2023-11-25,static,759,21.71761905,76.52047619,0.0,26.68698413,17.2584127,,
2023-11-26,static,971,21.83555556,76.02063492,0.000793651,26.84904762,16.9131746,,
2023-11-27,static,920,22.1631746,77.40396825,0.0,26.84079365,17.67746032,,
2023-11-28,static,959,22.93888889,74.82555556,0.0,27.79063492,18.46904762,,
2023-11-29,static,968,22.54492063,76.74253968,0.0,27.09079365,18.23285714,,
2023-11-30,static,877,22.41063492,79.30174603,0.0,27.37460317,17.87714286,,
2023-12-01,static,468,22.26365079,79.6731746,0.0,27.37587302,17.80968254,,
2023-12-02,static,605,22.65888889,78.18079365,0.002857143,27.31825397,18.67634921,,
2023-12-03,static,742,22.76301587,80.25619048,0.009206349,27.73412698,18.49380952,,
2023-12-04,static,682,22.49904762,81.38984127,0.058571429,27.27111111,18.15920635,,
2023-12-05,static,669,22.60873016,80.14571429,4.447301587,26.09984127,19.75063492,,
2023-12-06,static,566,22.01888889,84.48809524,10.18269841,25.12190476,19.31873016,,
2023-12-07,static,537,21.27,90.75825397,15.75174603,23.35444444,19.80412698,,
2023-12-08,static,251,21.26190476,89.58634921,17.95396825,24.85857143,18.73777778,,
2023-12-09,static,362,20.19111111,85.42095238,2.535714286,24.55380952,17.19031746,,
2023-12-10,static,459,19.02809524,77.71809524,0.011428571,23.77698413,15.25079365,,
2023-12-11,static,413,18.30857143,76.72666667,0.002063492,23.44698413,14.18111111,,
2023-12-12,static,311,18.54349206,76.8852381,0.020952381,23.87730159,13.93365079,,
2023-12-13,static,349,18.21873016,74.35793651,0.00952381,23.57984127,14.08492063,,
2023-12-14,static,308,17.40190476,69.5031746,0.0,22.34571429,13.21206349,,
2023-12-15,static,190,17.09253968,73.75968254,0.0,22.71365079,12.45,,
2023-12-16,static,179,17.19079365,75.07777778,0.0,22.76460317,12.24968254,,
2023-12-17,static,254,17.43015873,73.80031746,0.0,23.17730159,12.43698413,,
2023-12-18,static,239,17.38904762,75.9868254,0.0,22.90111111,12.50269841,,
2023-12-19,static,196,17.43920635,77.94698413,0.0,23.15015873,12.69111111,,
2023-12-20,static,207,17.75380952,78.43079365,0.0,23.44825397,12.65746032,,
2023-12-21,static,177,18.7352381,77.49507937,0.0,23.92920635,13.9168254,,
2023-12-22,static,103,19.32984127,78.10396825,0.0,24.10380952,15.01333333,,
2023-12-23,static,114,19.78603175,79.7515873,0.0,24.06698413,16.24174603,,
2023-12-24,static,188,19.92238095,79.87857143,0.084126984,24.51142857,15.90714286,,
2023-12-25,static,89,20.14460317,78.28238095,0.026190476,24.54222222,16.00301587,,
2023-12-26,static,152,20.04730159,77.8268254,0.0,24.5968254,16.00587302,,
2023-12-27,static,134,19.81365079,79.0315873,0.0,24.79873016,15.54539683,,
2023-12-28,static,110,19.76095238,78.97174603,0.0,24.52587302,15.33555556,,
2023-12-29,static,56,19.61666667,78.69714286,0.392539683,24.76539683,15.02238095,,
2023-12-30,static,72,19.44809524,78.01952381,0.37952381,24.80920635,15.01507937,,
2023-12-31,static,106,18.51793651,79.01825397,0.532698413,24.09555556,14.30952381,,
2024-01-01,static,85,17.87,78.69825397,0.262539683,23.59603175,13.27793651,,
2024-01-02,static,60,17.11047619,78.1752381,0.14984127,22.90507937,12.46809524,,
2024-01-03,static,70,17.17444444,76.48,0.0,23.3331746,11.84428571,,
2024-01-04,static,75,17.56666667,75.82650794,0.0,23.15650794,12.27984127,,
2024-01-05,static,33,17.75428571,77.36365079,0.0,23.28349206,12.91095238,,
2024-01-06,static,42,18.36984127,77.32904762,0.0,24.04587302,13.44793651,,
2024-01-07,static,13,18.48634921,79.44365079,0.0,24.0615873,13.97142857,,
2024-01-08,static,62,18.31063492,79.68587302,0.0,24.27873016,13.78412698,,
2024-01-09,static,45,17.29714286,77.24111111,0.0,23.44444444,12.57952381,,
2024-01-10,static,59,17.38746032,72.90571429,0.0,23.45746032,11.86238095,,
2024-01-11,static,46,17.25460317,77.42761905,0.0,23.00904762,13.03619048,,
2024-01-12,static,17,15.49063492,75.77507937,0.0,21.78746032,10.30365079,,
2024-01-13,static,25,15.59206349,75.88825397,0.0,21.66079365,10.50571429,,
2024-01-14,static,38,15.93444444,73.87079365,0.0,21.89920635,10.46746032,,
2024-01-15,static,33,16.3331746,74.67095238,0.0,21.83873016,11.58079365,,
2024-01-16,static,30,16.11142857,74.18571429,0.00015873,21.20634921,11.81015873,,
2024-01-17,static,23,16.1231746,74.23063492,0.028888889,21.37761905,11.26920635,,
2024-01-18,static,29,16.6668254,76.53,2.437936508,21.49349206,11.7115873,,
2024-01-19,static,18,17.32428571,79.24301587,2.988888889,22.63952381,13.32380952,,
2024-01-20,static,18,16.24555556,75.83587302,5.711428571,22.32698413,11.44333333,,
2024-01-21,static,32,15.5452381,73.29793651,6.478888889,21.22666667,11.01936508,,
2024-01-22,static,30,14.98873016,69.3531746,0.00015873,21.29904762,9.67015873,,
2024-01-23,static,24,15.63920635,66.85111111,0.0,21.6068254,9.735555556,,
2024-01-24,static,20,16.12857143,70.07222222,3.615555556,21.41555556,11.64571429,,
2024-01-25,static,18,16.25365079,72.98587302,3.40952381,22.20285714,11.55634921,,
2024-01-26,static,14,15.73190476,69.63396825,0.542063492,21.94428571,10.58142857,,
2024-01-27,static,22,15.48444444,67.31873016,0.003492063,21.72777778,10.26349206,,
2024-01-28,static,25,15.90507937,65.61380952,0.004126984,22.42650794,10.34746032,,
2024-01-29,static,14,17.04507937,63.08031746,0.001746032,23.26936508,11.57571429,,
2024-01-30,static,15,18.03301587,63.3831746,0.142063492,23.57253968,12.93619048,,
2024-01-31,static,20,19.10380952,71.20111111,2.338095238,24.30222222,14.22809524,,
2024-02-01,static,17,19.57285714,75.61380952,1.943968254,24.30222222,15.20047619,,
2024-02-02,static,11,19.43698413,79.74714286,2.772063492,24.40063492,15.42952381,,
2024-02-03,static,10,18.79777778,70.52555556,0.646507937,24.95746032,13.84015873,,
2024-02-04,static,28,18.73634921,62.59825397,0.222222222,24.55460317,12.84206349,,
2024-02-05,static,11,19.52126984,66.36666667,0.19968254,25.22126984,13.92428571,,
2024-02-06,static,22,20.15857143,77.46793651,0.004285714,25.04857143,16.06698413,,
2024-02-07,static,25,19.70095238,73.76761905,0.00031746,25.10666667,15.69,,
2024-02-08,static,20,17.73968254,58.71253968,0.0,23.82301587,12.36095238,,
2024-02-09,static,3,16.89031746,59.52698413,0.0,23.61952381,10.92031746,,
2024-02-10,static,8,17.7552381,61.77015873,0.0,25.07714286,11.48698413,,
2024-02-11,static,14,19.07380952,59.81031746,0.0,26.10412698,12.5631746,,
2024-02-12,static,7,20.40333333,56.15555556,0.0,26.62333333,14.55492063,,
2024-02-13,static,13,21.37619048,56.5131746,0.037619048,27.44047619,15.85539683,,
2024-02-14,static,8,21.66380952,64.96666667,0.157619048,26.9431746,17.17666667,,
2024-02-15,static,5,21.94206349,71.32285714,0.677142857,27.37174603,17.23968254,,
2024-02-16,static,3,21.50206349,71.99428571,0.067777778,27.72920635,16.51952381,,
2024-02-17,static,11,20.93174603,62.05634921,0.116825397,27.20492063,15.23634921,,
2024-02-18,static,7,21.09095238,54.67888889,0.000634921,26.93174603,15.65460317,,
2024-02-19,static,11,21.39888889,56.86746032,0.015555556,27.38206349,15.80555556,,
2024-02-20,static,6,22.22285714,69.13555556,0.394603175,28.67666667,16.26761905,,
2024-02-21,static,5,23.57031746,73.74793651,2.313492063,30.10380952,18.27047619,,
2024-02-22,static,16,23.61761905,77.96888889,8.39984127,29.26555556,19.47047619,,
2024-02-23,static,3,22.62396825,72.79825397,7.45968254,27.64206349,18.74253968,,
2024-02-24,static,11,21.9847619,63.92301587,2.527460317,27.93126984,16.61396825,,
2024-02-25,static,20,21.46269841,62.75492063,1.802380952,27.04603175,17.17349206,,
2024-02-26,static,6,21.19603175,61.96396825,0.612380952,27.86015873,15.45269841,,
2024-02-27,static,19,22.01666667,57.86222222,0.0,28.45412698,17.0768254,,
2024-02-28,static,9,22.48952381,58.2552381,0.033650794,28.28174603,17.09174603,,
2024-02-29,static,10,22.75142857,58.7415873,0.003968254,28.74714286,17.27269841,,
2024-03-01,static,4,22.52190476,55.27190476,0.000952381,29.03031746,16.65111111,,
2024-03-02,static,9,22.95492063,53.7447619,0.001111111,29.38952381,16.82174603,,
2024-03-03,static,10,23.79539683,56.6731746,0.185555556,30.03301587,18.12666667,,
2024-03-04,static,10,23.76555556,63.06253968,1.558730159,29.34984127,18.80253968,,
2024-03-05,static,3,23.78968254,63.99555556,0.296349206,30.41904762,18.60857143,,
2024-03-06,static,13,22.91666667,48.57206349,0.008095238,29.97365079,16.42746032,,
2024-03-07,static,12,22.95968254,45.94238095,0.002380952,30.08936508,15.86095238,,
2024-03-08,static,11,23.16968254,47.45,0.001111111,30.23650794,16.79492063,,
2024-03-09,static,6,22.75634921,46.12793651,0.0,29.93825397,16.48650794,,
2024-03-10,static,12,22.45857143,45.15666667,0.0,29.66015873,15.93428571,,
2024-03-11,static,10,23.42285714,45.53650794,0.0,30.41888889,16.0568254,,
2024-03-12,static,8,24.99428571,51.69285714,0.026190476,32.01984127,18.73968254,,
2024-03-13,static,8,25.28936508,63.96238095,0.479206349,32.24222222,18.83095238,,
2024-03-14,static,15,26.11253968,67.87063492,2.885555556,32.26,20.70015873,,
2024-03-15,static,2,26.59142857,63.92492063,2.956825397,32.88031746,20.87746032,,
2024-03-16,static,10,26.82301587,58.80873016,3.904920635,32.95015873,21.18079365,,
2024-03-17,static,9,26.99730159,57.84492063,1.892539683,33.1747619,21.18761905,,
2024-03-18,static,20,27.4647619,56.54222222,0.593492063,33.06793651,22.18650794,,
2024-03-19,static,19,26.87015873,59.88952381,1.258888889,32.51539683,22.82412698,,
2024-03-20,static,14,23.85714286,72.8147619,18.02777778,27.28603175,20.79904762,,
2024-03-21,static,11,23.49761905,68.71984127,4.714761905,28.55904762,19.36507937,,
2024-03-22,static,6,23.66761905,66.92492063,3.156825397,28.4968254,19.07904762,,
2024-03-23,static,4,24.73111111,67.15269841,4.955873016,30.36603175,19.39952381,,
2024-03-24,static,11,25.74285714,73.06063492,7.983174603,31.80380952,20.60380952,,
2024-03-25,static,10,26.1884127,72.04603175,4.464603175,31.96349206,21.33730159,,
2024-03-26,static,4,26.5947619,70.06238095,7.80952381,32.47619048,21.68285714,,
2024-03-27,static,14,26.77015873,67.15396825,0.234285714,32.58174603,21.65571429,,
2024-03-28,static,10,26.80190476,67.58285714,1.686507937,32.6647619,21.74746032,,
2024-03-29,static,4,27.2352381,69.02793651,2.62,32.94190476,22.25285714,,
2024-03-30,static,11,27.89984127,74.29349206,5.413968254,33.23396825,23.27603175,,
2024-03-31,static,21,28.4431746,71.94269841,11.63873016,34.5752381,23.83285714,,
2024-04-01,static,14,28.28428571,67.62333333,11.23920635,34.75238095,23.38666667,,
2024-04-02,static,10,28.45650794,63.78793651,0.371904762,34.98698413,22.89952381,,
2024-04-03,static,6,28.62095238,63.80380952,1.127777778,35.20920635,23.04492063,,
2024-04-04,static,11,29.00349206,66.17619048,0.601111111,35.58507937,23.06380952,,
2024-04-05,static,1,29.39777778,67.47507937,1.69047619,35.68031746,24.14126984,,
2024-04-06,static,9,29.91460317,63.16269841,0.36047619,36.48349206,24.26555556,,
2024-04-07,static,13,29.64428571,64.26365079,4.30047619,35.89587302,24.51079365,,
2024-04-08,static,5,29.15587302,54.35380952,0.293174603,35.35777778,23.81031746,,
2024-04-09,static,15,28.99984127,49.82460317,0.000634921,35.5684127,23.04396825,,
2024-04-10,static,0,29.12857143,48.96063492,0.001269841,35.67857143,23.14015873,,
2024-04-11,static,18,29.07873016,48.72825397,0.026507937,35.65365079,23.26095238,,
2024-04-12,static,2,29.77793651,47.21793651,0.057460317,35.96047619,23.71031746,,
2024-04-13,static,14,29.89555556,49.32539683,0.013174603,36.29301587,23.64714286,,
2024-04-14,static,8,30.64126984,48.42222222,0.038412698,36.78746032,24.63793651,,
2024-04-15,static,34,31.24190476,50.65111111,0.275238095,37.45396825,25.28238095,,
2024-04-16,static,34,31.49603175,55.70746032,0.655238095,37.74031746,26.16888889,,
2024-04-17,static,17,30.97301587,61.98365079,3.107460317,37.1052381,25.56714286,,
2024-04-18,static,23,30.73253968,62.17936508,5.909206349,36.72111111,25.67936508,,
2024-04-19,static,13,30.83206349,62.26031746,2.936666667,37.60142857,25.02761905,,
2024-04-20,static,17,31.55079365,58.58873016,3.952380952,38.71444444,25.65714286,,
2024-04-21,static,34,31.69873016,57.38873016,0.506825397,38.79698413,25.82365079,,
2024-04-22,static,37,31.66873016,57.20952381,1.77968254,38.35507937,26.37968254,,
2024-04-23,static,11,31.50365079,52.33428571,0.526984127,38.25492063,25.67396825,,
2024-04-24,static,33,31.95634921,51.0315873,0.282698413,38.85666667,25.86698413,,
2024-04-25,static,19,32.30380952,49.96761905,0.236666667,39.37619048,26.09460317,,
2024-04-26,static,8,32.05031746,53.46936508,0.476190476,38.9084127,25.70095238,,
2024-04-27,static,15,32.05666667,56.85666667,2.114761905,39.09634921,25.97126984,,
2024-04-28,static,31,32.58380952,57.54492063,1.436507937,39.48349206,26.82809524,,
2024-04-29,static,28,32.85825397,53.82063492,1.076507937,39.89333333,26.97428571,,
2024-04-30,static,24,33.21412698,53.86285714,0.308095238,40.82412698,26.79349206,,
2024-05-01,static,11,32.7584127,53.44555556,2.73984127,39.83666667,26.97396825,,
2024-05-02,static,19,31.97634921,56.60730159,9.346825397,38.1531746,27.30142857,,
2024-05-03,static,9,31.41698413,51.49571429,4.562380952,37.71746032,25.5684127,,
2024-05-04,static,13,30.82349206,58.58253968,3.265079365,36.51603175,25.53460317,,
2024-05-05,static,27,30.53904762,68.38888889,16.63460317,35.81587302,26.53095238,,
2024-05-06,static,35,29.55444444,76.77888889,32.48666667,34.22174603,26.24142857,,
2024-05-07,static,15,27.94539683,75.52412698,20.33111111,31.83507937,25.09095238,,
2024-05-08,static,22,27.04079365,74.17079365,24.6652381,30.15333333,24.1152381,,
2024-05-09,static,31,27.77746032,70.57984127,5.684285714,31.33968254,23.96444444,,
2024-05-10,static,6,27.88936508,73.71301587,11.31301587,31.29936508,24.76825397,,
2024-05-11,static,17,28.03920635,77.49047619,15.59730159,31.6568254,24.97809524,,
2024-05-12,static,46,28.48111111,75.48412698,5.428253968,32.52904762,24.82444444,,
2024-05-13,static,36,29.21714286,71.78444444,1.598571429,33.37746032,25.05571429,,
2024-05-14,static,28,29.96873016,70.13190476,0.965714286,34.08634921,26.12365079,,
2024-05-15,static,21,30.06555556,71.41047619,1.306190476,33.90761905,26.54206349,,
2024-05-16,static,24,30.38444444,70.74031746,2.45047619,34.38873016,26.44365079,,
2024-05-17,static,12,30.75460317,68.68698413,1.707619048,35.64444444,26.51825397,,
2024-05-18,static,13,30.37238095,73.93015873,11.28015873,34.66396825,27.14095238,,
2024-05-19,static,34,30.25873016,74.80126984,9.059365079,34.86,26.71539683,,
2024-05-20,static,27,29.86952381,74.53444444,12.40936508,33.76460317,26.59460317,,
2024-05-21,static,21,30.08634921,73.2215873,8.254444444,33.7484127,26.47333333,,
2024-05-22,static,7,30.42253968,72.91031746,8.033174603,34.02968254,27.06301587,,
2024-05-23,static,31,31.01587302,69.91825397,1.842857143,35.10396825,27.06650794,,
2024-05-24,static,12,31.84428571,68.94714286,2.493492063,36.39428571,27.60873016,,
2024-05-25,static,19,31.75206349,71.57793651,3.174761905,36.56634921,27.64206349,,
2024-05-26,static,28,30.15936508,81.74666667,53.47031746,33.32206349,27.75936508,,
2024-05-27,static,16,28.51444444,87.42412698,71.05825397,30.16904762,27.12793651,,
2024-05-28,static,6,29.4,84.89095238,64.26301587,32.91650794,26.51079365,,
2024-05-29,static,15,30.27809524,86.55063492,11.92809524,33.79285714,27.95809524,,
2024-05-30,static,25,30.14349206,85.57666667,15.2368254,33.41126984,27.9815873,,
2024-05-31,static,18,29.71587302,85.34412698,15.94825397,32.64634921,27.60873016,,
2024-06-01,static,16,29.86920635,82.15333333,9.509365079,33.40761905,27.07984127,,
2024-06-02,static,34,29.7931746,83.0484127,16.84063492,33.11714286,27.22555556,,
2024-06-03,static,22,29.1268254,84.90746032,31.94047619,31.89015873,27.16460317,,
2024-06-04,static,35,29.33285714,84.49984127,18.9452381,32.76650794,26.76603175,,
2024-06-05,static,24,29.68301587,82.77396825,13.97031746,33.10333333,26.88142857,,
2024-06-06,static,19,29.61873016,84.55825397,20.04873016,32.39825397,27.16793651,,
2024-06-07,static,16,30.1315873,81.8147619,8.85047619,33.53952381,27.44555556,,
2024-06-08,static,12,30.16031746,82.96968254,12.42444444,33.88460317,27.38825397,,
2024-06-09,static,25,29.84,85.90539683,23.25571429,32.89095238,27.70126984,,
2024-06-10,static,47,29.67190476,87.33904762,12.32873016,32.31619048,27.81111111,,
2024-06-11,static,15,29.5215873,85.55857143,5.726190476,32.33365079,27.37190476,,
2024-06-12,static,32,29.57206349,83.38650794,11.64412698,32.97492063,26.72952381,,
2024-06-13,static,31,29.48492063,85.87190476,19.95539683,32.45095238,27.32968254,,
2024-06-14,static,12,29.64984127,87.09428571,16.44079365,32.56269841,27.52730159,,
2024-06-15,static,14,29.64968254,87.66920635,17.60888889,32.43238095,27.69746032,,
2024-06-16,static,4,30.1131746,84.64888889,13.07126984,33.38333333,27.76650794,,
2024-06-17,static,0,29.87206349,85.76698413,24.18793651,32.76206349,27.92936508,,
2024-06-18,static,7,29.67333333,86.77349206,25.75396825,32.26079365,27.96190476,,
2024-06-19,static,59,29.00936508,89.29936508,39.16253968,31.29222222,27.23571429,,
2024-06-20,static,27,28.66269841,87.66126984,20.24428571,31.3715873,26.7584127,,
2024-06-21,static,11,29.06904762,83.86857143,9.018888889,32.06079365,26.57968254,,
2024-06-22,static,28,29.21111111,83.23968254,5.441111111,32.13888889,26.64888889,,
2024-06-23,static,42,29.58777778,82.71349206,4.456190476,32.77380952,26.79603175,,
2024-06-24,static,34,29.34238095,84.40047619,3.819206349,31.98349206,27.16349206,,
2024-06-25,static,43,29.68634921,82.99555556,5.563333333,32.66746032,27.19142857,,
2024-06-26,static,34,29.98031746,82.07698413,8.030952381,33.04063492,27.35507937,,
2024-06-27,static,42,29.06492063,86.29571429,13.97761905,31.69428571,27.21174603,,
2024-06-28,static,9,29.3,86.12936508,17.44444444,32.34492063,26.94365079,,
2024-06-29,static,60,29.03587302,87.84936508,21.49888889,31.56412698,27.1668254,,
2024-06-30,static,44,28.89412698,90.02761905,80.34761905,30.80619048,27.47,,
2024-07-01,static,51,28.39984127,90.62587302,85.88095238,30.07365079,27.11031746,,
2024-07-02,static,49,28.4468254,89.27412698,45.4468254,31.04952381,26.59031746,,
2024-07-03,static,61,28.42285714,89.07920635,33.10063492,31.08539683,26.56777778,,
2024-07-04,static,32,28.31571429,89.52190476,29.07666667,30.58904762,26.45873016,,
2024-07-05,static,22,28.33571429,90.06063492,23.85222222,30.45396825,26.7684127,,
2024-07-06,static,26,28.50650794,88.77746032,16.89,31.11206349,26.57492063,,
2024-07-07,static,86,28.79444444,86.78015873,10.26396825,31.6784127,26.47460317,,
2024-07-08,static,63,28.69507937,86.57904762,5.378095238,31.40142857,26.49666667,,
2024-07-09,static,88,28.90063492,87.33746032,6.33968254,31.83793651,26.6168254,,
2024-07-10,static,79,28.89222222,88.00746032,16.58873016,31.32761905,27.03111111,,
2024-07-11,static,103,28.77888889,89.32412698,37.30079365,31.24095238,26.9768254,,
2024-07-12,static,25,28.5768254,88.63238095,40.37714286,31.15555556,26.75984127,,
2024-07-13,static,75,28.90031746,86.45825397,16.42619048,31.99349206,26.35444444,,
2024-07-14,static,155,29.27031746,85.95666667,5.901904762,32.20888889,26.71095238,,
2024-07-15,static,112,29.26746032,87.28031746,4.829365079,32.19253968,26.90571429,,
2024-07-16,static,110,28.99396825,88.3052381,6.812380952,31.65857143,27.1347619,,
2024-07-17,static,25,29.40460317,85.95698413,2.212063492,32.36285714,26.9715873,,
2024-07-18,static,50,29.86793651,84.40634921,1.436825397,32.92603175,27.17873016,,
2024-07-19,static,90,29.66015873,86.42634921,4.372857143,32.7584127,27.38460317,,
2024-07-20,static,115,29.15222222,86.52904762,6.718888889,32.20238095,27.03444444,,
2024-07-21,static,98,28.85571429,87.77873016,11.5531746,31.65984127,26.93698413,,
2024-07-22,static,103,28.70666667,88.86777778,11.2452381,31.16920635,27.00238095,,
2024-07-23,static,80,28.79571429,87.34809524,8.065396825,31.6984127,26.78349206,,
2024-07-24,static,174,29.09031746,87.75238095,6.016666667,32.18920635,26.56079365,,
2024-07-25,static,263,29.45555556,87.21333333,16.99126984,32.16809524,27.30206349,,
2024-07-26,static,148,29.85095238,86.61634921,16.20904762,33.04571429,27.40444444,,
2024-07-27,static,98,29.38904762,87.42793651,7.720952381,32.34444444,27.23714286,,
2024-07-28,static,272,29.49111111,85.96888889,6.363015873,32.7168254,26.9847619,,
2024-07-29,static,226,29.16920635,87.47269841,13.38174603,32.13761905,27.0931746,,
2024-07-30,static,150,28.77333333,89.35809524,12.27396825,31.13444444,27.05031746,,
2024-07-31,static,176,28.76095238,90.31809524,39.31873016,31.07777778,27.06793651,,
2024-08-01,static,197,28.15460317,90.74269841,82.18730159,30.41428571,26.62333333,,
2024-08-02,static,80,27.44555556,92.59190476,84.07888889,28.77539683,26.49984127,,
2024-08-03,static,154,27.7252381,91.39269841,32.23650794,29.48984127,26.37555556,,
2024-08-04,static,211,28.29619048,88.03206349,17.9352381,31.04555556,26.16380952,,
2024-08-05,static,35,28.26619048,88.62253968,17.32222222,30.78968254,26.34539683,,
2024-08-06,static,192,27.98650794,90.4615873,15.05047619,30.19253968,26.35380952,,
2024-08-07,static,159,27.90809524,90.08206349,9.83968254,30.18380952,26.23142857,,
2024-08-08,static,181,27.76396825,90.26920635,17.85253968,30.12650794,25.97380952,,
2024-08-09,static,34,28.01968254,89.69714286,20.0268254,30.55698413,26.01031746,,
2024-08-10,static,204,28.42031746,89.02111111,21.55857143,31.11063492,26.24507937,,
2024-08-11,static,202,28.38460317,89.92761905,18.5747619,30.68904762,26.62634921,,
2024-08-12,static,285,28.29730159,90.21809524,18.93349206,30.55714286,26.5968254,,
2024-08-13,static,215,28.68333333,89.56190476,16.04492063,31.2815873,26.66904762,,
2024-08-14,static,233,28.64,89.21761905,11.00904762,31.02920635,26.74174603,,
2024-08-15,static,228,28.46126984,89.44809524,9.92952381,30.78587302,26.50857143,,
2024-08-16,static,50,28.02904762,90.39174603,29.6952381,30.15571429,26.35968254,,
2024-08-17,static,237,27.88761905,89.33904762,29.0584127,30.30380952,26.0447619,,
2024-08-18,static,334,27.64174603,91.26873016,34.85412698,29.69269841,25.99174603,,
2024-08-19,static,265,27.37587302,92.17603175,39.90809524,28.98079365,26.14206349,,
2024-08-20,static,249,27.96095238,91.37444444,50.81365079,30.16603175,26.1447619,,
2024-08-21,static,296,27.80698413,92.52714286,36.79984127,29.44793651,26.5784127,,
2024-08-22,static,217,27.51412698,92.53984127,49.91587302,29.28301587,26.15126984,,
2024-08-23,static,78,27.44746032,91.73920635,35.64650794,29.27190476,26.02888889,,
2024-08-24,static,303,27.32571429,91.36333333,23.81984127,29.22825397,25.7815873,,
2024-08-25,static,319,26.90714286,91.65174603,48.82444444,28.72206349,25.56269841,,
2024-08-26,static,105,26.84222222,91.4884127,23.48507937,28.79047619,25.36571429,,
2024-08-27,static,364,27.47873016,89.27412698,6.891428571,30.18539683,25.31333333,,
2024-08-28,static,326,27.8068254,87.19698413,4.167619048,30.52793651,25.64746032,,
2024-08-29,static,269,28.30253968,85.11269841,4.829206349,31.22047619,25.59730159,,
2024-08-30,static,153,28.51746032,86.94920635,3.765555556,31.49809524,26.11761905,,
2024-08-31,static,346,28.27396825,88.97777778,6.396666667,30.73920635,26.28746032,,
2024-09-01,static,478,28.09349206,88.86857143,7.654126984,30.41365079,26.29825397,,
2024-09-02,static,289,28.57492063,85.66650794,5.791111111,31.33730159,26.22555556,,
2024-09-03,static,335,28.28571429,87.60619048,15.28031746,30.55619048,26.55269841,,
2024-09-04,static,385,28.26238095,87.16301587,4.016031746,30.80095238,26.15095238,,
2024-09-05,static,358,28.23285714,87.09698413,8.683809524,30.61174603,26.29634921,,
2024-09-06,static,118,28.97412698,83.91174603,12.5931746,31.45761905,26.35301587,,
2024-09-07,static,403,28.85396825,86.1815873,7.926825397,31.4815873,26.39285714,,
2024-09-08,static,463,29.23809524,86.64857143,5.48,31.98968254,26.93634921,,
2024-09-09,static,615,28.70285714,88.85095238,4.963015873,31.06666667,26.82920635,,
2024-09-10,static,534,28.7052381,89.31984127,4.836031746,31.12984127,26.88492063,,
2024-09-11,static,465,28.79920635,89.37015873,17.91777778,30.82063492,27.01873016,,
2024-09-12,static,561,29.48825397,86.02873016,20.11793651,32.21698413,27.07984127,,
2024-09-13,static,196,28.83873016,89.17269841,56.22634921,31.35936508,27.03285714,,
2024-09-14,static,548,27.39936508,91.94698413,53.20857143,28.97873016,26.04952381,,
2024-09-15,static,486,26.79412698,91.46936508,50.05492063,28.46285714,25.46301587,,
2024-09-16,static,267,27.40333333,88.93555556,18.03142857,29.9052381,25.32619048,,
2024-09-17,static,872,28.36190476,85.87507937,2.136190476,31.44793651,25.62222222,,
2024-09-18,static,865,29.04825397,82.83825397,1.662539683,32.31555556,25.91349206,,
2024-09-19,static,887,29.25539683,86.2647619,5.000793651,32.40571429,26.28714286,,
2024-09-20,static,299,29.95920635,84.96492063,6.138571429,33.4584127,26.90349206,,
2024-09-21,static,843,29.41634921,86.77619048,14.47761905,32.34253968,26.98603175,,
2024-09-22,static,926,29.60333333,84.46269841,6.32031746,32.65619048,26.61301587,,
2024-09-23,static,866,29.50269841,86.21444444,10.3152381,32.27650794,27.15984127,,
2024-09-24,static,801,28.1184127,90.7415873,19.56873016,29.99396825,26.77666667,,
2024-09-25,static,854,26.96222222,92.52126984,56.78698413,28.5247619,25.78587302,,
2024-09-26,static,829,26.91650794,91.78444444,40.45047619,28.85793651,25.61666667,,
2024-09-27,static,321,27.25904762,88.19238095,14.41603175,29.70492063,25.28793651,,
2024-09-28,static,860,27.8484127,87.88142857,5.724444444,30.7652381,25.3768254,,
2024-09-29,static,1221,28.30587302,88.94904762,8.22984127,31.06698413,26.14428571,,
2024-09-30,static,1152,28.50539683,89.27460317,5.338888889,31.1584127,26.35396825,,
2024-10-01,static,1144,28.77587302,89.26269841,10.01428571,31.27365079,26.65238095,,
2024-10-02,static,1017,28.15920635,88.84587302,15.1852381,30.13031746,26.36984127,,
2024-10-03,static,1022,27.31936508,90.4884127,39.39650794,29.46015873,25.73206349,,
2024-10-04,static,317,27.30301587,90.50666667,30.46190476,29.33,25.77952381,,
2024-10-05,static,927,27.03412698,91.97126984,27.93380952,28.87222222,25.76793651,,
2024-10-06,static,1225,27.10365079,88.76349206,10.84396825,29.29015873,25.45492063,,
2024-10-07,static,1218,27.38650794,86.12031746,7.063015873,30.15222222,25.18301587,,
2024-10-08,static,981,27.41333333,85.83285714,5.752222222,30.11492063,25.14857143,,
2024-10-09,static,1033,27.19539683,87.28412698,6.967619048,29.82428571,25.17507937,,
2024-10-10,static,583,27.12634921,88.22873016,7.265555556,29.72126984,25.09809524,,
2024-10-11,static,490,27.53634921,87.12888889,6.374126984,30.42412698,25.40079365,,
2024-10-12,static,915,27.60412698,84.56809524,6.542380952,30.37793651,25.18444444,,
2024-10-13,static,660,27.49396825,82.37079365,1.269365079,30.62412698,24.81047619,,
2024-10-14,static,1186,27.07253968,80.96063492,0.859047619,30.28571429,24.01571429,,
2024-10-15,static,1108,27.15285714,79.41206349,1.630793651,30.11190476,24.47984127,,
2024-10-16,static,1186,27.3352381,79.32190476,1.944285714,30.52666667,24.37126984,,
2024-10-17,static,1100,27.15825397,82.95269841,7.028095238,30.34428571,24.48603175,,
2024-10-18,static,411,27.05698413,84.42174603,4.741746032,29.98571429,24.65126984,,
2024-10-19,static,1121,27.20174603,82.33587302,10.49809524,30.05142857,24.57428571,,
2024-10-20,static,1298,26.10761905,83.28761905,4.582698413,29.3031746,23.46396825,,
2024-10-21,static,1039,25.99253968,83.1668254,0.186984127,29.61857143,22.68920635,,
2024-10-22,static,1139,26.82634921,82.6447619,5.942380952,30.53269841,22.96809524,,
2024-10-23,static,1138,26.44587302,88.98984127,43.11174603,29.15380952,24.35539683,,
2024-10-24,static,1029,25.70730159,91.12412698,23.17634921,27.82857143,24.0115873,,
2024-10-25,static,477,26.35730159,88.3052381,19.46095238,29.1915873,24.10365079,,
2024-10-26,static,961,26.83190476,86.16746032,12.91714286,29.90396825,24.46714286,,
2024-10-27,static,1248,26.84920635,82.44587302,0.80984127,30.19460317,23.79666667,,
2024-10-28,static,1197,26.76444444,82.69253968,0.154761905,30.12825397,23.64793651,,
2024-10-29,static,1312,26.93,82.62793651,0.477936508,30.44015873,23.7415873,,
2024-10-30,static,1154,26.90015873,84.28,1.241428571,30.05746032,23.90714286,,
2024-10-31,static,1243,26.97603175,84.99333333,3.656190476,30.11222222,24.20333333,,
2024-11-01,static,382,26.52555556,82.64444444,6.621587302,29.84984127,23.67,,
2024-11-02,static,966,25.63857143,80.88380952,1.307460317,29.36746032,22.23190476,,
2024-11-03,static,1306,25.67936508,76.81904762,0.128571429,29.34111111,21.92206349,,
2024-11-04,static,1297,25.62238095,77.42936508,1.434126984,29.05269841,22.17746032,,
2024-11-05,static,1370,25.5747619,80.64857143,4.078412698,28.94571429,22.04809524,,
2024-11-06,static,1109,25.14825397,82.25047619,2.602539683,28.4015873,22.52253968,,
2024-11-07,static,1209,24.89555556,80.96349206,1.492063492,28.28380952,21.86095238,,
2024-11-08,static,466,24.62269841,79.67666667,0.013809524,28.44793651,21.05492063,,
2024-11-09,static,1134,24.52031746,79.73793651,0.001111111,28.5868254,20.77206349,,
2024-11-10,static,1337,24.27333333,79.44285714,0.014761905,28.39904762,20.25111111,,
2024-11-11,static,1194,24.39190476,78.81269841,0.008888889,28.28904762,20.44904762,,
2024-11-12,static,1211,24.36492063,79.21857143,0.022539683,28.30349206,20.73904762,,
2024-11-13,static,1221,23.63,78.30952381,0.0,27.70650794,20.04825397,,
2024-11-14,static,1107,23.07238095,79.84444444,0.0,27.39365079,19.21365079,,
2024-11-15,static,474,22.55190476,79.80301587,0.0,27.0968254,18.53412698,,
2024-11-16,static,994,22.16095238,78.04095238,0.0,26.90492063,17.93904762,,
2024-11-17,static,1389,21.77285714,74.29984127,0.0,26.16746032,17.34809524,,
2024-11-18,static,1083,21.80650794,72.62428571,0.0,26.06634921,17.14888889,,
2024-11-19,static,1052,21.83746032,73.61301587,0.0,26.2284127,17.32714286,,
2024-11-20,static,1034,21.55587302,74.42698413,0.0,25.86936508,17.17285714,,
2024-11-21,static,1214,22.13746032,72.74142857,0.00047619,26.14460317,18.21539683,,
2024-11-22,static,458,21.87333333,72.21857143,0.00015873,25.67031746,18.23936508,,
2024-11-23,static,886,21.82015873,73.8431746,0.0,26.05460317,17.95238095,,
2024-11-24,static,1079,20.80603175,76.6284127,0.0,24.75857143,16.95857143,,
2024-11-25,static,934,20.64460317,75.90222222,0.0,25.02666667,16.76904762,,
2024-11-26,static,990,20.3468254,77.40301587,0.0,24.87380952,15.88079365,,
2024-11-27,static,888,20.55888889,78.39460317,0.00015873,25.14285714,16.04111111,,
2024-11-28,static,837,20.88063492,81.25095238,0.005873016,25.53428571,16.3231746,,
2024-11-29,static,354,21.56174603,80.3947619,0.022380952,26.26174603,17.48904762,,
2024-11-30,static,675,21.59428571,79.27444444,0.087936508,26.60888889,17.34873016,,
2024-12-01,static,882,20.8752381,80.1652381,0.905555556,24.88920635,17.63380952,,
2024-12-02,static,705,20.45349206,80.16095238,0.031904762,24.90063492,16.86746032,,
2024-12-03,static,629,20.63047619,78.7184127,0.006031746,25.54253968,16.7131746,,
2024-12-04,static,629,19.84730159,77.35984127,0.0,24.69507937,15.32126984,,
2024-12-05,static,570,19.84904762,74.97492063,0.0,24.99333333,15.48190476,,
2024-12-06,static,186,18.9784127,73.3068254,0.00015873,24.20031746,14.37206349,,
2024-12-07,static,562,18.60619048,71.09714286,0.0,24.14825397,13.85365079,,
2024-12-08,static,596,18.42936508,71.71825397,0.0,23.59873016,13.60507937,,
2024-12-09,static,478,18.24571429,76.94873016,0.045555556,22.60761905,13.75095238,,
2024-12-10,static,453,18.96285714,80.48904762,0.038730159,23.4947619,15.71,,
2024-12-11,static,444,17.24365079,79.58698413,0.015079365,22.4768254,13.14650794,,
2024-12-12,static,344,16.54650794,80.6652381,0.0,22.25015873,11.75507937,,
2024-12-13,static,241,16.75365079,79.51444444,0.0,22.63222222,11.82746032,,
2024-12-14,static,316,16.51396825,77.53507937,0.0,22.82968254,11.50698413,,
2024-12-15,static,373,16.62269841,77.09412698,0.0,22.79714286,11.40460317,,
2024-12-16,static,107,17.67936508,73.77079365,0.0,23.3784127,11.86333333,,
2024-12-17,static,311,18.59,75.91587302,0.004761905,24.22650794,13.23587302,,
2024-12-18,static,274,18.67968254,76.7247619,0.010793651,24.06984127,14.13825397,,
2024-12-19,static,236,18.76333333,78.74714286,0.0,24.33761905,13.59619048,,
2024-12-20,static,83,18.65095238,77.53920635,0.019047619,23.9568254,13.6384127,,
2024-12-21,static,141,18.17920635,80.56095238,1.288888889,22.96730159,14.83920635,,
2024-12-22,static,165,18.0931746,79.5531746,0.101746032,23.86539683,13.62777778,,
2024-12-23,static,172,17.81873016,77.03396825,0.07015873,23.85619048,12.80952381,,
2024-12-24,static,125,18.28873016,75.2152381,0.00952381,23.71730159,13.10936508,,
2024-12-25,static,67,18.42444444,73.90365079,0.045873016,23.07492063,14.46777778,,
2024-12-26,static,153,18.86825397,77.5384127,0.005079365,24.6847619,14.23761905,,
2024-12-27,static,53,18.67888889,78.27761905,0.002063492,24.51412698,13.68063492,,
2024-12-28,static,104,19.12571429,75.39698413,0.0,24.86428571,13.8315873,,
2024-12-29,static,148,19.70777778,75.76904762,0.0,24.81984127,15.08333333,,
2024-12-30,static,114,19.64031746,79.16301587,0.0,24.72460317,15.21301587,,
2024-12-31,static,84,17.75984127,78.59222222,0.0,22.90269841,13.63126984,,
2025-01-01,static,86,16.70285714,80.22333333,0.0,22.49507937,12.0731746,,
2025-01-02,static,56,16.66,79.7268254,0.0,22.57809524,11.79920635,,
2025-01-03,static,23,16.7568254,80.43952381,0.0,22.48444444,11.6631746,,
2025-01-04,static,56,17.72428571,79.49793651,0.0,23.29365079,12.70206349,,
2025-01-05,static,66,18.84444444,78.94936508,0.0,24.21111111,14.13174603,,
2025-01-06,static,70,20.08904762,75.65619048,0.0,24.91984127,15.53587302,,
2025-01-07,static,61,19.56507937,80.04063492,0.046507937,24.02825397,15.80634921,,
2025-01-08,static,51,17.43793651,77.48968254,0.017460317,22.63285714,12.9884127,,
2025-01-09,static,40,16.22857143,75.07428571,0.000793651,22.09047619,11.25492063,,
2025-01-10,static,19,16.19111111,73.82587302,0.000793651,22.08746032,10.9352381,,
2025-01-11,static,45,17.62412698,71.50507937,0.0,24.06460317,11.62587302,,
2025-01-12,static,57,19.10825397,65.58777778,0.0,24.92269841,13.28650794,,
2025-01-13,static,39,19.09936508,68.44555556,0.00015873,24.44285714,14.22634921,,
2025-01-14,static,31,18.51047619,72.9584127,0.0,24.29777778,13.82571429,,
2025-01-15,static,45,17.66650794,74.54079365,0.0,23.72539683,12.40079365,,
2025-01-16,static,27,18.6584127,73.12285714,0.001904762,24.65126984,13.12555556,,
2025-01-17,static,19,19.08825397,73.02301587,0.0,25.15206349,14.02888889,,
2025-01-18,static,40,18.68873016,73.1247619,0.002222222,24.79603175,13.53,,
2025-01-19,static,46,17.99619048,70.5284127,0.0,24.26412698,12.61746032,,
2025-01-20,static,39,17.70047619,68.71730159,0.00015873,24.02444444,12.06349206,,
2025-01-21,static,24,18.10777778,70.17603175,0.0,24.20920635,12.38539683,,
2025-01-22,static,32,18.56222222,71.58507937,0.0,24.41285714,13.35952381,,
2025-01-23,static,21,18.71555556,71.18460317,0.0,25.00904762,13.66301587,,
2025-01-24,static,7,18.8315873,69.72888889,0.000634921,24.7815873,13.48190476,,
2025-01-25,static,21,18.64666667,70.99587302,0.0,24.23634921,14.1615873,,
2025-01-26,static,33,17.64587302,68.40587302,0.0,23.73285714,12.58238095,,
2025-01-27,static,34,18.14412698,67.15666667,0.0,24.14285714,12.71793651,,
2025-01-28,static,23,18.66063492,64.11095238,0.0,24.32920635,13.25888889,,
2025-01-29,static,21,19.24126984,62.24333333,0.000793651,24.69968254,14.59666667,,
2025-01-30,static,22,19.92492063,73.53492063,1.123809524,25.21619048,15.02079365,,
2025-01-31,static,7,20.88142857,78.07269841,0.111428571,26.6515873,16.58063492,,
2025-02-01,static,9,21.04190476,72.70984127,0.07,26.71349206,16.2352381,,
2025-02-02,static,17,20.73920635,71.66047619,0.000793651,26.69571429,15.84746032,,
2025-02-03,static,13,20.64492063,66.79269841,0.0,26.87746032,15.52365079,,
2025-02-04,static,27,20.26793651,62.11126984,0.0,26.55936508,14.53952381,,
2025-02-05,static,9,21.07238095,63.78460317,0.000793651,27.31190476,15.44873016,,
2025-02-06,static,9,21.70650794,69.61095238,0.611587302,28.16285714,16.67238095,,
2025-02-07,static,5,19.90253968,54.50587302,0.001111111,27.22888889,13.42904762,,
2025-02-08,static,8,18.76460317,49.73888889,0.0,26.03333333,12.16253968,,
2025-02-09,static,37,19.20063492,49.76714286,0.0,26.01301587,12.83555556,,
2025-02-10,static,29,20.19015873,53.50365079,0.151269841,26.77619048,14.52984127,,
2025-02-11,static,16,20.78888889,67.28444444,0.000634921,27.89190476,14.46952381,,
2025-02-12,static,16,22.06539683,70.11571429,0.041428571,28.79904762,16.69190476,,
2025-02-13,static,18,22.27746032,70.00285714,0.133333333,28.92285714,17.20047619,,
2025-02-14,static,5,21.04301587,50.62746032,0.057460317,27.7431746,14.84333333,,
2025-02-15,static,6,20.66920635,47.4915873,0.00015873,27.42253968,14.05174603,,
2025-02-16,static,21,21.41666667,52.46111111,0.00015873,28.24777778,15.22349206,,
2025-02-17,static,19,22.53603175,61.07888889,0.001111111,29.25650794,16.64984127,,
2025-02-18,static,16,23.49428571,63.31984127,0.024761905,29.90857143,18.10285714,,
2025-02-19,static,17,23.41873016,62.85333333,0.217777778,29.33015873,18.19063492,,
2025-02-20,static,6,23.52428571,64.21015873,2.476190476,29.60063492,18.58349206,,
2025-02-21,static,10,23.54444444,64.1252381,0.756825397,29.58634921,18.29142857,,
2025-02-22,static,10,24.36126984,62.33873016,0.267619048,30.47031746,18.75714286,,
2025-02-23,static,8,23.64507937,67.03047619,4.568253968,28.17142857,20.03666667,,
2025-02-24,static,10,23.40206349,62.55428571,0.036984127,29.78126984,17.91365079,,
2025-02-25,static,11,23.23904762,54.38555556,0.058888889,29.94269841,17.56698413,,
2025-02-26,static,6,22.81507937,53.89650794,0.000793651,29.75126984,16.8952381,,
2025-02-27,static,10,23.43777778,54.53666667,0.0,29.87365079,18.02698413,,
2025-02-28,static,6,24.21444444,56.99063492,0.0,30.27920635,18.68396825,,
2025-03-01,static,11,24.81714286,61.21015873,0.586984127,31.51301587,18.82222222,,
2025-03-02,static,8,25.68333333,64.33825397,0.906507937,32.85920635,19.92222222,,
2025-03-03,static,7,25.78761905,58.44825397,0.0,32.43888889,20.63571429,,
2025-03-04,static,11,25.09412698,49.22571429,0.0,31.62603175,19.31222222,,
2025-03-05,static,7,24.49492063,48.83190476,0.0,31.66936508,18.49857143,,
2025-03-06,static,5,23.8731746,42.59015873,0.0,30.78809524,17.84412698,,
2025-03-07,static,5,22.83206349,42.62746032,0.0,30.08190476,16.30015873,,
2025-03-08,static,9,23.75285714,48.34460317,0.001587302,30.86952381,17.4168254,,
2025-03-09,static,26,24.50698413,54.50730159,0.093809524,31.14825397,18.59857143,,
2025-03-10,static,24,25.54507937,52.28111111,0.167777778,32.4668254,19.35539683,,
2025-03-11,static,13,26.23746032,53.74492063,0.002857143,32.95492063,20.23349206,,
2025-03-12,static,17,26.53984127,56.38746032,0.238095238,33.13190476,20.65920635,,
2025-03-13,static,18,26.99730159,62.37507937,0.542222222,34.21555556,20.89190476,,
2025-03-14,static,10,27.72222222,62.8652381,1.182698413,34.96571429,21.8747619,,
2025-03-15,static,9,28.10111111,63.21857143,0.756825397,34.92333333,22.12269841,,
2025-03-16,static,22,28.40809524,62.99492063,1.135238095,36.1647619,22.16460317,,
2025-03-17,static,22,28.49920635,60.90507937,0.814920635,35.4247619,22.96222222,,
2025-03-18,static,8,27.95539683,58.30349206,0.463174603,34.55571429,22.8331746,,
2025-03-19,static,17,27.71730159,55.12206349,0.171587302,34.58253968,21.74619048,,
2025-03-20,static,13,27.81333333,57.5115873,0.572063492,34.42063492,22.12666667,,
2025-03-21,static,1,25.91793651,62.32809524,1.333015873,31.02142857,22.18142857,,
2025-03-22,static,13,25.25428571,61.7084127,0.906666667,30.69428571,21.08777778,,
2025-03-23,static,12,25.72539683,57.35555556,1.14984127,31.63222222,20.42825397,,
2025-03-24,static,22,26.05936508,52.38777778,4.579047619,32.6015873,20.02603175,,
2025-03-25,static,4,26.8752381,47.57619048,0.127460317,33.69650794,20.47047619,,
2025-03-26,static,2,27.74380952,50.0468254,0.254761905,34.51888889,21.30460317,,
2025-03-27,static,11,28.34174603,54.69920635,0.035714286,35.06301587,22.11587302,,
2025-03-28,static,3,28.99269841,55.23730159,0.0,36.87111111,22.07666667,,
2025-03-29,static,2,29.19285714,55.30746032,0.0,36.95968254,22.62873016,,
2025-03-30,static,2,28.66587302,53.60634921,0.0,35.9884127,22.03285714,,
2025-03-31,static,2,28.56460317,55.42968254,0.13984127,35.28063492,22.25555556,,
2025-04-01,static,4,28.33809524,60.80984127,1.325079365,34.6384127,22.87873016,,
2025-04-02,static,2,28.64079365,59.31936508,1.635238095,35.5047619,22.93142857,,
2025-04-03,static,13,28.7168254,56.94904762,6.225555556,35.38126984,23.01761905,,
2025-04-04,static,2,29.73301587,49.92793651,0.00984127,36.59634921,23.95936508,,
2025-04-05,static,10,29.63888889,51.53126984,0.206349206,36.48428571,23.60619048,,
2025-04-06,static,52,29.6184127,57.68746032,1.007301587,36.4415873,23.62809524,,
2025-04-07,static,23,28.92952381,61.44206349,2.786507937,34.71666667,24.08984127,,
2025-04-08,static,20,28.3847619,65.13079365,2.621269841,32.80936508,24.28428571,,
2025-04-09,static,29,29.35587302,57.79571429,1.173174603,35.02539683,24.19873016,,
2025-04-10,static,18,29.28825397,54.49936508,1.256825397,34.81238095,24.18253968,,
2025-04-11,static,8,28.02047619,65.70095238,13.28063492,31.91428571,24.64142857,,
2025-04-12,static,22,28.41761905,66.2747619,4.258571429,32.94285714,24.37079365,,
2025-04-13,static,26,27.82396825,67.82079365,5.473492063,31.19984127,24.90714286,,
2025-04-14,static,7,28.08396825,66.07095238,3.706984127,31.94746032,24.66746032,,
2025-04-15,static,41,28.44174603,63.67793651,6.200634921,32.73809524,24.16047619,,
2025-04-16,static,16,28.22333333,67.15793651,9.233492063,32.96222222,24.11301587,,
2025-04-17,static,18,27.49936508,73.54222222,13.09857143,31.9868254,23.83206349,,
2025-04-18,static,10,27.22873016,76.16285714,9.94984127,31.34349206,23.62285714,,
2025-04-19,static,35,28.01333333,73.46206349,12.66634921,32.46444444,24.35571429,,
2025-04-20,static,49,28.98396825,74.16809524,12.52507937,33.80873016,24.55984127,,
2025-04-21,static,42,29.71349206,77.43269841,14.40539683,34.43063492,25.98031746,,
2025-04-22,static,31,29.95952381,76.84984127,9.582698413,34.98936508,26.24238095,,
2025-04-23,static,38,30.33761905,71.22349206,4.990793651,36.54349206,26.00015873,,
2025-04-24,static,33,30.15634921,70.86888889,4.782063492,36.3684127,25.53349206,,
2025-04-25,static,9,29.95714286,71.70730159,7.546825397,35.95650794,25.64079365,,
2025-04-26,static,36,30.00349206,71.61793651,2.067619048,36.0084127,25.3947619,,
2025-04-27,static,24,29.53507937,70.46079365,5.896825397,34.52920635,25.44333333,,
2025-04-28,static,35,28.27587302,72.39047619,11.66428571,32.5047619,24.92857143,,
2025-04-29,static,19,27.02650794,74.54206349,13.03920635,31.03047619,23.63412698,,
2025-04-30,static,29,27.35904762,72.4152381,8.371904762,31.11904762,23.71,,
2025-05-01,static,14,27.7547619,69.62349206,4.573492063,31.59968254,24.12206349,,
2025-05-02,static,25,27.6515873,69.03698413,8.365238095,31.67698413,23.61904762,,
2025-05-03,static,43,28.10079365,67.82936508,5.248253968,32.60079365,23.55730159,,
2025-05-04,static,53,28.25253968,72.17365079,8.318095238,32.44365079,24.47777778,,
2025-05-05,static,49,28.64031746,70.66015873,3.31031746,32.75031746,24.66777778,,
2025-05-06,static,60,28.82238095,70.76857143,5.28047619,32.84444444,25.18396825,,
2025-05-07,static,42,29.14968254,69.06571429,1.597301587,33.55349206,25.11920635,,
2025-05-08,static,45,30.35396825,67.68650794,4.778888889,35.41079365,25.45206349,,
2025-05-09,static,22,30.96412698,64.71539683,0.58,36.07095238,26.32920635,,
2025-05-10,static,47,31.67555556,62.66952381,0.79047619,37.20142857,26.55285714,,
2025-05-11,static,14,31.78666667,63.2015873,2.851904762,37.26492063,26.77079365,,
2025-05-12,static,82,30.62,70.16507937,12.25904762,35.12571429,27.13920635,,
2025-05-13,static,48,30.29031746,73.06206349,10.43460317,34.78428571,26.43190476,,
2025-05-14,static,83,30.79079365,72.05238095,8.133968254,35.84031746,26.83190476,,
2025-05-15,static,65,30.28285714,75.60507937,9.234285714,34.8647619,26.70174603,,
2025-05-16,static,23,29.96650794,77.6931746,14.76793651,34.29380952,26.39492063,,
2025-05-17,static,79,29.44079365,79.67206349,22.15396825,33.1031746,26.49920635,,
2025-05-18,static,86,28.86634921,80.15904762,22.46365079,32.67380952,25.9052381,,
2025-05-19,static,84,28.94888889,80.44984127,23.44349206,32.59603175,25.81111111,,
2025-05-20,static,101,29.09920635,83.16174603,26.86888889,32.78333333,26.18031746,,
2025-05-21,static,67,28.77984127,85.05936508,28.19952381,32.00920635,26.45825397,,
2025-05-22,static,46,28.41190476,82.7415873,18.16603175,31.31047619,25.99126984,,
2025-05-23,static,17,28.25460317,81.91698413,8.88984127,30.99857143,25.81253968,,
2025-05-24,static,90,28.55269841,82.85746032,22.36238095,31.75984127,26.05873016,,
2025-05-25,static,115,28.1952381,85.79285714,18.25777778,30.68269841,26.11746032,,
2025-05-26,static,78,28.19492063,85.76095238,18.96507937,30.85650794,26.22015873,,
2025-05-27,static,70,28.81142857,83.98095238,14.88920635,32.04,25.77777778,,
2025-05-28,static,120,28.52507937,87.0484127,35.79253968,31.33380952,26.39301587,,
2025-05-29,static,62,28.10095238,89.7668254,67.95857143,30.18111111,26.3215873,,
2025-05-30,static,21,28.37079365,87.46952381,52.9584127,30.69698413,26.52857143,,
2025-05-31,static,22,28.77349206,89.83031746,41.11111111,30.98507937,26.7815873,,
2025-06-01,static,147,29.35095238,86.74031746,36.2152381,32.19492063,27.17619048,,
2025-06-02,static,94,29.61952381,83.28571429,27.33793651,33.43587302,26.86142857,,
2025-06-03,static,114,29.01460317,84.43142857,23.18015873,32.44095238,26.1252381,,
2025-06-04,static,83,28.3715873,85.57222222,27.60301587,31.21698413,26.34555556,,
2025-06-05,static,62,28.62873016,80.61365079,9.78984127,31.74126984,25.80095238,,
2025-06-06,static,59,28.97428571,79.82920635,10.17777778,32.33015873,25.79857143,,
2025-06-07,static,26,29.20079365,78.92698413,6.014126984,32.6247619,26.06412698,,
2025-06-08,static,19,29.56333333,77.60603175,1.111428571,33.31301587,26.06142857,,
2025-06-09,static,28,29.78079365,78.03984127,2.614285714,33.23047619,26.38365079,,
2025-06-10,static,38,29.82809524,80.43857143,6.125079365,33.00968254,26.83634921,,
2025-06-11,static,288,29.33142857,82.47460317,5.843650794,32.13380952,26.90365079,,
2025-06-12,static,108,29.41047619,82.7115873,5.806190476,32.31904762,26.86142857,,
2025-06-13,static,159,29.91222222,80.93777778,2.939047619,33.02825397,27.10396825,,
2025-06-14,static,169,29.30142857,83.10444444,3.722539683,32.20015873,27.06238095,,
2025-06-15,static,249,28.87396825,85.93952381,24.03714286,31.61380952,26.92349206,,
2025-06-16,static,234,28.35809524,88.5131746,25.48888889,30.70301587,26.49126984,,
2025-06-17,static,244,28.19920635,89.56904762,37.91857143,30.25492063,26.67793651,,
2025-06-18,static,212,28.08809524,90.60507937,28.42809524,30.05142857,26.7,,
2025-06-19,static,248,28.06968254,88.70809524,22.93111111,30.13730159,26.52857143,,
2025-06-20,static,151,28.46333333,88.77142857,27.34333333,31.0915873,26.51285714,,
2025-06-21,static,352,28.83539683,86.7868254,15.34190476,31.5731746,26.71666667,,
2025-06-22,static,329,28.50714286,87.71920635,11.02190476,31.0,26.58603175,,
2025-06-23,static,392,28.26968254,88.97253968,11.58857143,30.47492063,26.50857143,,
2025-06-24,static,394,28.6131746,88.11857143,11.81698413,31.28222222,26.39444444,,
2025-06-25,static,326,28.26063492,89.29412698,15.95587302,30.51507937,26.5431746,,
2025-06-26,static,193,28.4468254,88.68095238,10.91190476,31.05666667,26.45190476,,
2025-06-27,static,159,28.57952381,87.50047619,15.1131746,31.52333333,26.35984127,,
2025-06-28,static,262,28.15777778,88.16174603,13.58603175,30.77793651,26.12079365,,
2025-06-29,static,383,28.28238095,88.17809524,9.345396825,31.03603175,26.05015873,,
2025-06-30,static,429,28.29746032,89.36952381,13.75333333,30.76380952,26.28920635,,
2025-07-01,static,386,28.60555556,87.22603175,8.407619048,31.48365079,26.34063492,,
2025-07-02,static,416,28.55539683,88.13460317,12.5647619,31.27174603,26.41650794,,
2025-07-03,static,358,28.69904762,87.71761905,11.30015873,31.43,26.51190476,,
2025-07-04,static,204,28.27492063,89.97984127,22.10206349,30.52460317,26.74428571,,
2025-07-05,static,294,28.24587302,88.36857143,23.5147619,30.8447619,26.37396825,,
2025-07-06,static,317,27.69428571,89.60333333,33.0815873,29.86920635,26.09888889,,
2025-07-07,static,492,27.57111111,89.43730159,71.49253968,30.03031746,25.84015873,,
2025-07-08,static,425,27.35571429,90.77126984,52.24238095,29.33650794,25.73888889,,
2025-07-09,static,406,27.28428571,91.19333333,42.62142857,29.4168254,25.83904762,,
2025-07-10,static,337,27.56031746,89.89253968,22.7168254,29.98238095,25.80015873,,
2025-07-11,static,138,28.26190476,88.08634921,9.243015873,31.32666667,25.65809524,,
2025-07-12,static,391,28.8384127,86.97365079,7.997460317,31.37301587,26.44904762,,
2025-07-13,static,420,28.72111111,87.68412698,11.97,31.09920635,26.83285714,,
2025-07-14,static,330,27.6568254,91.34063492,43.64746032,29.58285714,26.20238095,,
2025-07-15,static,375,27.81047619,91.14634921,16.79031746,29.80714286,26.19603175,,
2025-07-16,static,321,28.0331746,90.17079365,22.29968254,30.29079365,26.34746032,,
2025-07-17,static,375,28.08063492,88.33206349,15.0884127,30.52111111,26.18079365,,
2025-07-18,static,114,28.5431746,87.03222222,9.646031746,31.53539683,25.81111111,,
2025-07-19,static,394,28.49634921,87.89587302,8.033492063,31.21492063,26.50619048,,
2025-07-20,static,429,28.70444444,86.28,16.59888889,30.98587302,26.69079365,,
2025-07-21,static,364,29.14825397,83.79888889,7.664126984,32.11777778,26.47714286,,
2025-07-22,static,444,29.17904762,84.78730159,6.652698413,31.91761905,27.01380952,,
2025-07-23,static,319,30.03777778,82.4168254,7.84984127,33.16047619,26.69793651,,
2025-07-24,static,280,29.41380952,88.40238095,26.92492063,31.54095238,27.64603175,,
2025-07-25,static,164,28.76333333,89.46968254,30.54904762,31.54587302,26.95888889,,
2025-07-26,static,331,28.65111111,89.35047619,23.79412698,31.09095238,26.67365079,,
2025-07-27,static,409,28.7115873,88.77253968,28.2584127,31.0084127,26.94301587,,
2025-07-28,static,394,28.41206349,89.67777778,45.1584127,30.75920635,26.71333333,,
2025-07-29,static,393,27.99746032,89.72952381,28.2331746,30.40634921,26.30253968,,
2025-07-30,static,386,28.00619048,89.20746032,35.32095238,30.72603175,25.99793651,,
2025-07-31,static,278,27.81333333,90.13968254,33.31460317,30.25253968,25.68142857,,
2025-08-01,static,138,28.61095238,88.78761905,19.22936508,31.45507937,26.34396825,,
2025-08-02,static,209,28.21079365,91.62492063,17.06587302,30.0768254,26.85142857,,
2025-08-03,static,343,28.11031746,91.33539683,29.44333333,29.97952381,26.65857143,,
2025-08-04,static,395,28.04698413,91.62968254,29.23603175,29.80396825,26.64507937,,
2025-08-05,static,319,27.94047619,89.56809524,20.64873016,30.08365079,26.21809524,,
2025-08-06,static,428,27.80873016,87.85269841,19.92222222,30.24253968,25.88174603,,
2025-08-07,static,408,27.85301587,89.50111111,33.92619048,30.33746032,25.96904762,,
2025-08-08,static,190,27.01412698,90.89365079,27.84444444,28.86587302,25.58126984,,
2025-08-09,static,325,27.6484127,87.88349206,10.62619048,30.5447619,25.20666667,,
2025-08-10,static,448,28.15809524,88.43206349,8.876349206,30.95349206,25.87365079,,
2025-08-11,static,434,28.58047619,87.6115873,5.504603175,31.41095238,26.26650794,,
2025-08-12,static,382,28.84031746,87.0984127,7.015873016,31.60666667,26.78666667,,
2025-08-13,static,325,27.71333333,89.78174603,23.37650794,29.37349206,26.1947619,,
2025-08-14,static,252,27.56269841,89.20587302,11.20301587,29.88206349,25.67539683,,
2025-08-15,static,134,27.98428571,87.36365079,6.638888889,30.88428571,25.56031746,,
2025-08-16,static,202,28.49857143,85.40730159,8.118095238,31.25,26.01539683,,
2025-08-17,static,466,28.19746032,88.03698413,7.715396825,30.40206349,26.42777778,,
2025-08-18,static,380,28.05857143,89.24444444,10.37968254,30.69825397,26.15412698,,
2025-08-19,static,357,27.96126984,89.25761905,12.17253968,30.32,26.11412698,,
2025-08-20,static,356,27.84063492,90.24857143,17.22333333,30.1047619,26.13873016,,
2025-08-21,static,311,27.69333333,91.14603175,30.97333333,29.8568254,26.04952381,,
2025-08-22,static,173,27.56031746,91.08507937,41.61619048,29.81174603,25.83587302,,
2025-08-23,static,247,27.54396825,90.53603175,26.62761905,30.04904762,25.84650794,,
2025-08-24,static,430,27.63142857,88.89571429,11.67111111,30.26888889,25.76507937,,
2025-08-25,static,412,27.86904762,87.64174603,6.113174603,30.50380952,25.74936508,,
2025-08-26,static,470,28.0068254,86.39809524,3.720952381,30.74190476,25.80174603,,
2025-08-27,static,430,28.01238095,87.35015873,6.865396825,31.11428571,25.44698413,,
2025-08-28,static,432,27.9484127,88.21460317,8.958730159,30.65285714,25.9215873,,
2025-08-29,static,165,27.65333333,89.76571429,15.62380952,29.93015873,26.03809524,,
2025-08-30,static,367,27.85603175,88.24142857,6.536349206,30.33793651,25.7968254,,
2025-08-31,static,568,28.31650794,85.18444444,5.893015873,30.95714286,25.94952381,,
2025-09-01,static,552,28.87761905,85.50904762,5.868412698,31.59349206,26.16396825,,
2025-09-02,static,473,28.42047619,87.87793651,18.35142857,31.03222222,26.37349206,,
2025-09-03,static,445,28.25365079,87.60031746,8.613492063,31.05888889,26.15365079,,
2025-09-04,static,363,27.73507937,88.84507937,5.289206349,30.33920635,25.80761905,,
2025-09-05,static,158,27.74809524,87.82746032,3.993809524,30.54809524,25.51730159,,
2025-09-06,static,364,28.08444444,86.12730159,4.582698413,30.96507937,25.50396825,,
2025-09-07,static,580,28.14206349,86.45777778,8.006349206,30.6584127,25.90206349,,
2025-09-08,static,573,28.21666667,85.04650794,5.004285714,31.06888889,25.79746032,,
2025-09-09,static,487,28.28873016,86.72825397,7.950793651,30.99968254,25.90492063,,
2025-09-10,static,625,28.22793651,88.70333333,6.281428571,30.66285714,26.33206349,,
2025-09-11,static,586,28.29460317,87.97253968,9.24984127,30.87444444,26.27444444,,
2025-09-12,static,245,27.80904762,88.59412698,15.12333333,30.38111111,26.0468254,,
2025-09-13,static,279,27.66904762,89.39904762,20.76460317,30.09777778,25.68190476,,
2025-09-14,static,685,27.21507937,91.21492063,27.51539683,28.83936508,25.86968254,,
2025-09-15,static,636,26.9531746,90.29190476,28.28301587,29.18015873,25.39746032,,
2025-09-16,static,665,27.03603175,89.7784127,30.59238095,29.40206349,25.2547619,,
2025-09-17,static,622,27.43206349,87.70825397,6.22047619,30.36031746,25.15079365,,
2025-09-18,static,647,27.94142857,87.24793651,9.471904762,30.79968254,25.51619048,,
2025-09-19,static,248,28.60857143,86.22,8.57952381,31.44,26.1247619,,
2025-09-20,static,382,28.43190476,86.83380952,8.488888889,30.81079365,26.46269841,,
2025-09-21,static,740,28.30809524,86.86269841,13.78968254,30.59857143,26.33,,
2025-09-22,static,678,27.68571429,89.43666667,30.13698413,29.90825397,26.08031746,,
2025-09-23,static,664,27.50063492,89.1368254,11.84269841,30.04015873,25.49952381,,
2025-09-24,static,668,27.98603175,86.89365079,3.107460317,30.59253968,25.61031746,,
2025-09-25,static,632,28.16746032,86.5215873,5.336984127,30.57206349,26.17492063,,
2025-09-26,static,219,28.35698413,87.89174603,4.243174603,31.16904762,26.13063492,,
2025-09-27,static,514,28.10873016,87.79238095,3.236507937,30.57587302,26.33174603,,
2025-09-28,static,845,27.78968254,85.75984127,7.686984127,30.20444444,25.55857143,,
2025-09-29,static,734,28.41634921,83.26634921,3.494444444,31.17730159,25.65571429,,
2025-09-30,static,553,28.89,84.28619048,8.306507937,31.77031746,26.11,,
2025-10-01,static,490,27.84746032,90.36460317,37.70507937,29.48444444,26.56,,
2025-10-02,static,396,27.20698413,92.09730159,27.99047619,28.73920635,26.13396825,,
2025-10-03,static,263,27.33,90.63793651,13.24460317,29.39206349,25.82746032,,
2025-10-04,static,374,27.52269841,90.91714286,15.12380952,29.6431746,25.84365079,,
2025-10-05,static,1042,27.20555556,90.81952381,19.32095238,29.10142857,25.66222222,,
2025-10-06,static,782,26.82111111,87.05936508,17.97571429,28.89904762,25.07873016,,
2025-10-07,static,715,26.9752381,84.09714286,7.372063492,29.89777778,24.44730159,,
2025-10-08,static,700,26.97857143,85.8431746,16.84190476,29.75095238,24.51619048,,
2025-10-09,static,781,27.07555556,84.17015873,15.61,29.48142857,24.82984127,,
2025-10-10,static,308,26.88857143,84.65126984,13.50206349,29.56015873,24.74095238,,
2025-10-11,static,413,26.52285714,85.36730159,12.03428571,29.54571429,24.15730159,,
2025-10-12,static,953,26.34206349,84.07619048,4.561269841,29.74746032,23.51428571,,
2025-10-13,static,857,25.96539683,84.23301587,0.091587302,29.60746032,22.93714286,,
2025-10-14,static,841,25.92603175,83.77142857,0.02952381,30.19952381,22.32730159,,
2025-10-15,static,758,25.71603175,81.78142857,0.156825397,29.79968254,22.12380952,,
2025-10-16,static,755,26.01793651,81.41634921,0.556666667,30.23809524,22.10174603,,
2025-10-17,static,510,26.3447619,80.72126984,1.085714286,30.23825397,22.62111111,,
2025-10-18,static,619,26.84365079,80.59650794,0.757777778,30.76650794,23.06730159,,
2025-10-19,static,950,26.90412698,80.87,0.607619048,30.68920635,23.3731746,,
2025-10-20,static,942,26.74746032,81.41666667,0.275714286,30.59857143,23.11698413,,
2025-10-21,static,814,26.76825397,80.00650794,0.194444444,30.90396825,22.92095238,,
2025-10-22,static,762,26.95253968,78.12698413,0.035238095,31.05492063,22.98111111,,
2025-10-23,static,803,26.93968254,78.22761905,0.287142857,30.94174603,23.14571429,,
2025-10-24,static,468,26.7768254,77.71301587,1.111746032,30.13412698,23.57460317,,
2025-10-25,static,659,26.86047619,77.11507937,0.806666667,30.23936508,23.48793651,,
2025-10-26,static,1143,26.94349206,76.24079365,0.160634921,30.3,23.75269841,,
2025-10-27,static,983,27.05936508,77.76460317,0.706825397,30.84,23.56174603,,
2025-10-28,static,1041,27.44412698,76.57571429,1.733968254,31.17111111,24.00984127,,
2025-10-29,static,964,27.19031746,79.94269841,5.785714286,30.40174603,24.39698413,,
2025-10-30,static,928,26.84587302,84.5684127,15.13269841,29.93634921,24.41539683,,
2025-10-31,static,506,27.26714286,84.79809524,6.677301587,30.35666667,24.59301587,,
2025-11-01,static,651,26.90777778,87.96079365,16.72888889,29.58920635,25.03142857,,
2025-11-02,static,1162,25.95190476,88.2968254,13.00095238,28.93650794,23.73333333,,
2025-11-03,static,1147,25.01269841,84.02190476,3.794126984,28.58555556,22.27650794,,
2025-11-04,static,1101,24.88492063,81.83285714,0.808730159,29.29936508,21.07365079,,
2025-11-05,static,1069,24.68269841,82.98793651,4.246666667,28.57269841,21.34444444,,
2025-11-06,static,1034,25.24761905,79.15365079,2.974920635,28.9784127,21.48460317,,
2025-11-07,static,488,24.72047619,82.62857143,1.544126984,28.80809524,21.45809524,,
2025-11-08,static,834,23.21634921,81.8731746,0.0,28.32,19.52746032,,
2025-11-09,static,1195,22.21666667,80.46492063,0.0,27.21079365,17.99936508,,
2025-11-10,static,1179,21.98603175,80.66126984,0.0,27.22952381,18.01619048,,
2025-11-11,static,912,20.90238095,79.17952381,0.0,25.81555556,16.82142857,,
2025-11-12,static,1139,20.61603175,75.46666667,0.0,25.77126984,16.05460317,,
2025-11-13,static,833,20.71063492,76.44412698,0.0,25.87666667,15.68095238,,
2025-11-14,static,460,20.92761905,75.85857143,0.0,25.75079365,16.15253968,,
2025-11-15,static,792,20.77650794,78.18936508,0.0,26.08825397,15.96666667,,
2025-11-16,static,1139,21.03222222,77.63349206,0.0,26.14444444,16.38761905,,
2025-11-17,static,1007,21.27492063,78.95396825,0.0,26.32603175,16.46777778,,
2025-11-18,static,920,21.84253968,79.09095238,0.0,26.97460317,16.90603175,,
2025-11-19,static,783,21.95031746,75.3531746,0.0,26.80079365,17.36238095,,
2025-11-20,static,745,21.6052381,75.3984127,0.0,26.3968254,17.33539683,,
2025-11-21,static,436,21.19238095,74.34619048,0.0,25.66,17.33333333,,
2025-11-22,static,593,20.73920635,76.03015873,0.005873016,25.43507937,16.19365079,,
2025-11-23,static,778,20.52730159,76.92047619,0.001904762,25.13015873,16.44333333,,
2025-11-24,static,705,19.59857143,80.86746032,0.0,24.72285714,15.48238095,,
2025-11-25,static,633,19.60412698,80.31888889,0.000952381,25.01380952,15.00920635,,
2025-11-26,static,615,19.85079365,77.74777778,0.000793651,25.1515873,15.02571429,,
2025-11-27,static,567,20.41047619,78.1131746,0.0,25.6668254,15.25507937,,
2025-11-28,static,410,20.56,78.11174603,0.0,25.60603175,15.96650794,,
2025-11-29,static,572,20.26952381,75.76968254,0.0,25.46222222,15.56126984,,
2025-11-30,static,636,20.23063492,75.61777778,0.0,25.21888889,15.86206349,,
2025-12-01,static,610,19.50793651,81.76301587,0.0,23.69428571,15.82285714,,
2025-12-02,static,565,19.56396825,79.23952381,0.00031746,23.85587302,15.71333333,,
2025-12-03,static,490,18.85650794,78.54365079,0.0,23.95380952,14.83777778,,
2025-12-04,static,565,18.57460317,80.05142857,0.0,24.52365079,13.56904762,,
2025-12-05,static,200,18.38904762,79.58238095,0.0,24.41079365,13.79873016,,
2025-12-06,static,486,17.73190476,75.63460317,0.0,24.08,12.63365079,,
2025-12-07,static,516,17.54873016,76.49904762,0.0,23.08714286,12.89904762,,
2025-12-08,static,455,18.06285714,75.56873016,0.0,23.08238095,13.84714286,,
2025-12-09,static,421,18.89619048,75.33825397,0.0,24.16444444,14.32190476,,
2025-12-10,static,377,18.85079365,77.47095238,0.0,24.73904762,14.08873016,,
2025-12-11,static,411,18.16873016,75.49031746,0.0,23.82587302,12.92460317,,
2025-12-12,static,200,18.52698413,73.18349206,0.003809524,24.13936508,13.2768254,,
2025-12-13,static,397,18.90539683,74.42174603,0.014603175,24.99571429,13.16428571,,
2025-12-14,static,387,19.07857143,76.32587302,0.010952381,25.13793651,13.71174603,,
2025-12-15,static,288,18.92285714,77.21920635,0.018253968,24.69444444,13.98793651,,
2025-12-16,static,116,18.93333333,75.84555556,1.376190476,24.32730159,14.18269841,,
2025-12-17,static,172,18.40063492,78.16857143,0.007777778,24.0647619,13.59777778,,
2025-12-18,static,240,18.90698413,78.15793651,0.0,24.85698413,13.6584127,,
2025-12-19,static,114,18.70047619,79.47380952,0.0,23.85380952,14.17111111,,
2025-12-20,static,190,18.23396825,79.61079365,0.006666667,23.31666667,14.07380952,,
2025-12-21,static,194,17.98126984,80.11968254,0.002380952,23.36920635,13.29063492,,
2025-12-22,static,165,18.00238095,80.37634921,0.0,23.51714286,13.53460317,,
2025-12-23,static,126,17.5715873,80.24904762,0.0,22.78253968,13.59492063,,
2025-12-24,static,133,17.0868254,80.19587302,0.0,22.77507937,12.75952381,,
2025-12-25,static,71,16.21920635,78.1984127,0.0,21.75650794,11.49079365,,
2025-12-26,static,66,16.23079365,77.3384127,0.0,22.17650794,11.02555556,,
2025-12-27,static,96,16.23396825,79.76809524,0.0,22.03555556,11.31619048,,
2025-12-28,static,114,16.02047619,80.30396825,0.0,21.78650794,11.47825397,,
2025-12-29,static,111,15.19603175,81.45507937,0.0,20.89761905,10.62126984,,
2025-12-30,static,120,14.43,82.0884127,0.045873016,20.04365079,10.26619048,,
2025-12-31,static,68,14.7652381,79.02936508,0.058253968,20.71968254,9.801269841,,
2026-01-01,static,76,16.07571429,76.53301587,0.0,22.18793651,10.54952381,,
2026-01-02,static,63,16.37492063,77.86269841,0.0,22.05539683,11.35,,
2026-01-03,static,53,16.31238095,77.77873016,0.0,21.61539683,11.74492063,,
2026-01-04,static,69,15.89603175,77.84142857,0.0,21.57761905,11.42825397,,
2026-01-05,static,68,14.69634921,78.9552381,0.00031746,20.88095238,9.909206349,,
2026-01-06,static,55,14.23333333,78.8447619,0.0,20.74539683,9.168412698,,
2026-01-07,static,46,14.99460317,75.2668254,0.0,21.87984127,9.470634921,,
2026-01-08,static,35,15.21190476,72.62555556,0.0,22.1452381,9.598730159,,
2026-01-09,static,29,15.58079365,71.90539683,0.0,22.4384127,9.931428571,,
2026-01-10,static,31,15.68142857,74.56666667,0.0,21.85412698,10.30142857,,
2026-01-11,static,52,16.34111111,75.1168254,0.02047619,22.74777778,11.19269841,,
2026-01-12,static,33,16.5647619,75.58063492,0.026984127,23.39777778,10.96825397,,
2026-01-13,static,36,16.69428571,74.89920635,0.08952381,23.44809524,11.03047619,,
2026-01-14,static,35,16.89634921,73.80714286,6.134444444,23.46126984,11.56428571,,
2026-01-15,static,34,16.74206349,73.32873016,0.030952381,23.32444444,11.57809524,,
2026-01-16,static,12,16.69015873,71.96460317,0.008253968,23.50111111,10.96619048,,
2026-01-17,static,18,17.20079365,72.81603175,0.007142857,23.85857143,11.4947619,,
2026-01-18,static,35,18.11111111,70.1184127,0.051746032,24.80174603,12.19873016,,
2026-01-19,static,29,18.44968254,69.27873016,0.000634921,24.83698413,12.78666667,,
2026-01-20,static,26,19.19015873,66.58047619,0.0,25.63825397,13.75571429,,
2026-01-21,static,39,18.9584127,65.87301587,0.0,25.39015873,13.21174603,,
2026-01-22,static,19,18.10555556,66.16,0.0,24.46730159,12.67761905,,
2026-01-23,static,11,18.37492063,62.6268254,0.0,24.79190476,12.62190476,,
2026-01-24,static,24,18.57650794,63.57460317,0.0,24.97825397,12.83428571,,
2026-01-25,static,31,18.84746032,64.21142857,0.0,24.73507937,13.66380952,,
2026-01-26,static,22,18.90904762,67.9831746,0.0,25.54857143,13.46063492,,
2026-01-27,static,19,18.78396825,67.96349206,0.0,25.27031746,13.02126984,,
2026-01-28,static,25,19.3131746,65.02190476,0.0,25.93587302,13.49111111,,
2026-01-29,static,25,20.04904762,66.48063492,0.0,26.16396825,14.5215873,,
2026-01-30,static,14,19.42365079,68.98714286,0.0,25.62873016,14.11063492,,
2026-01-31,static,17,19.04761905,65.49126984,0.0,25.84571429,13.19047619,,
2026-02-01,static,14,18.9,66.67984127,0.0,25.48698413,13.24063492,,
2026-02-02,static,18,19.32888889,65.55269841,0.0,25.97507937,13.66396825,,
2026-02-03,static,17,20.04507937,63.43666667,0.0,27.01873016,14.01571429,,
2026-02-04,static,12,20.27428571,63.44095238,0.0,26.56888889,14.98444444,,
2026-02-05,static,16,19.76730159,59.2631746,0.0,26.73666667,13.51349206,,
2026-02-06,static,10,18.36095238,55.69555556,0.0,25.23492063,12.50174603,,
2026-02-07,static,14,18.11142857,58.06222222,0.0,25.0731746,11.75015873,,
2026-02-08,static,21,18.89396825,58.64714286,0.0,26.14650794,12.46746032,,
2026-02-09,static,23,19.2784127,55.30587302,0.0,26.02365079,13.48285714,,
2026-02-10,static,17,19.60492063,55.34428571,0.0,26.71507937,13.19412698,,
2026-02-11,static,9,20.11285714,55.63253968,0.0,27.49714286,13.74015873,,
2026-02-12,static,8,20.24142857,55.21825397,0.0,27.60507937,14.28714286,,
2026-02-13,static,6,20.30206349,54.4468254,0.0,27.82,13.78539683,,
2026-02-14,static,12,20.58460317,55.23253968,0.0,27.87555556,14.2947619,,
2026-02-15,static,31,20.89984127,51.68936508,0.0,27.85857143,14.62412698,,
2026-02-16,static,38,20.80111111,52.15396825,0.0,28.23206349,14.4947619,,
2026-02-17,static,14,21.60333333,54.92380952,0.0,29.24984127,14.60238095,,
2026-02-18,static,14,22.63444444,50.28206349,0.140793651,30.36984127,15.8147619,,
2026-02-19,static,16,23.1531746,46.67285714,0.0,30.38380952,16.38428571,,
2026-02-20,static,7,23.78206349,48.26142857,0.00015873,31.0615873,17.73238095,,
2026-02-21,static,12,23.57555556,50.91634921,0.002222222,30.7984127,17.2515873,,
2026-02-22,static,22,23.64111111,52.89666667,0.005238095,30.19555556,17.63952381,,
2026-02-23,static,7,24.04238095,55.09349206,0.096666667,30.55730159,18.46031746,,
2026-02-24,static,12,23.68111111,57.09714286,0.995555556,29.99333333,18.31952381,,
2026-02-25,static,14,23.46460317,56.36380952,0.387142857,29.58968254,18.53650794,,
2026-02-26,static,9,23.1752381,49.84666667,0.086190476,29.57238095,17.73666667,,
2026-02-27,static,7,23.23920635,45.31365079,0.00031746,29.85984127,17.18650794,,
2026-02-28,static,9,23.58444444,49.16285714,0.0,29.99857143,17.43936508,,
2026-03-01,static,10,24.08793651,59.94603175,0.000952381,30.99507937,17.74873016,,
2026-03-02,static,11,25.06174603,61.14460317,0.062698413,31.27698413,20.3715873,,
2026-03-03,static,12,24.5647619,52.52873016,0.148412698,31.29873016,18.91095238,,
2026-03-04,static,9,24.55936508,48.39920635,0.097619048,31.37,18.52873016,,
2026-03-05,static,10,25.23873016,50.38396825,0.0,31.77666667,18.84936508,,
2026-03-06,static,6,25.80746032,54.65142857,0.0,32.46142857,19.99539683,,
2026-03-07,static,14,25.27746032,64.0315873,0.012698413,31.21857143,19.83190476,,
2026-03-08,static,9,25.55095238,67.04063492,0.22015873,31.36619048,20.5631746,,
2026-03-09,static,11,25.65380952,66.70603175,0.744126984,31.05793651,20.77904762,,
2026-03-10,static,8,26.50222222,63.4268254,0.418888889,31.72952381,21.62222222,,
2026-03-11,static,9,26.81888889,63.16333333,1.074920635,32.15333333,22.04936508,,
2026-03-12,static,17,26.6084127,67.23873016,3.153333333,31.80349206,22.19920635,,
2026-03-13,static,6,26.2868254,72.1715873,7.931746032,31.77253968,22.02619048,,
2026-03-14,static,8,26.47968254,72.10873016,4.656031746,31.68984127,22.72619048,,
2026-03-15,static,24,26.41809524,72.3215873,4.973650794,31.74873016,22.44888889,,
2026-03-16,static,14,25.66507937,74.28746032,8.191111111,30.81888889,21.84714286,,
2026-03-17,static,4,25.45825397,73.78206349,8.840634921,30.42492063,21.92888889,,
2026-03-18,static,5,25.90206349,71.97380952,6.105555556,31.85365079,21.00444444,,
2026-03-19,static,9,24.81587302,75.7952381,5.536825397,28.85984127,21.90047619,,
2026-03-20,static,5,24.52142857,74.0131746,8.763333333,28.94428571,21.43349206,,
2026-03-21,static,5,22.82412698,76.32444444,11.43333333,26.47222222,20.14777778,,
2026-03-22,static,7,22.60460317,70.73301587,3.343333333,27.3368254,18.4515873,,
2026-03-23,static,7,23.83507937,63.63666667,0.274285714,28.90285714,18.6247619,,
2026-03-24,static,7,24.90126984,65.23920635,1.673968254,30.52904762,19.70190476,,
2026-03-25,static,9,25.88126984,68.6752381,3.592063492,31.7184127,20.70412698,,
2026-03-26,static,8,26.47666667,65.14126984,2.432698413,32.31269841,21.24936508,,
2026-03-27,static,7,26.84079365,63.56365079,1.224761905,33.22936508,20.83222222,,
2026-03-28,static,11,25.42730159,74.53396825,12.10619048,29.81746032,21.9647619,,
2026-03-29,static,41,25.94222222,71.87777778,1.804761905,31.60079365,20.88492063,,
2026-03-30,static,23,26.81603175,74.76857143,3.522857143,31.92793651,22.25126984,,
2026-03-31,static,27,26.87698413,75.38492063,8.61984127,31.78650794,23.14047619,,
2026-04-01,static,25,27.37412698,70.90984127,3.842222222,33.6447619,22.38952381,,
2026-04-02,static,25,28.10015873,70.23539683,4.172857143,34.41253968,22.91460317,,
2026-04-03,static,7,28.69761905,69.0052381,2.531587302,35.07269841,23.09730159,,
2026-04-04,static,10,28.85587302,67.74111111,1.989047619,34.9468254,23.87539683,,
2026-04-05,static,30,27.14825397,69.47095238,1.923333333,32.22920635,23.43634921,,
2026-04-06,static,43,27.2031746,65.51746032,1.273333333,32.82968254,22.11619048,,
2026-04-07,static,16,26.37190476,70.92492063,10.87746032,30.93698413,22.92873016,,
2026-04-08,static,20,25.99349206,72.07936508,8.613015873,30.98285714,21.73428571,,
2026-04-09,static,13,25.05746032,76.69777778,19.78126984,29.18396825,21.80968254,,
2026-04-10,static,13,25.44587302,66.88047619,5.931269841,30.7247619,20.99142857,,
2026-04-11,static,13,26.30333333,61.29920635,1.215396825,32.0152381,20.1784127,,
2026-04-12,static,13,27.03460317,65.2368254,0.124603175,33.39396825,21.14142857,,
2026-04-13,static,24,27.80904762,71.55857143,0.742539683,34.13857143,22.42492063,,
2026-04-14,static,14,28.13761905,72.12603175,6.303492063,33.62365079,23.51063492,,
2026-04-15,static,44,28.29222222,72.02507937,6.582063492,34.08714286,23.5152381,,
2026-04-16,static,31,28.25333333,75.69015873,8.182698413,33.37936508,24.17634921,,
2026-04-17,static,13,28.5247619,72.82063492,2.225873016,33.75746032,24.36412698,,
2026-04-18,static,17,28.51047619,73.99952381,6.021269841,33.49571429,24.04444444,,
2026-04-19,static,34,28.82666667,75.55428571,3.477142857,34.28619048,24.47539683,,
2026-04-20,static,16,29.20539683,75.53269841,9.192698413,34.6652381,25.23571429,,
2026-04-21,static,25,29.5415873,72.47111111,5.651269841,35.39063492,25.33730159,,
2026-04-22,static,25,29.48444444,71.80253968,2.519365079,35.00730159,25.16968254,,
2026-04-23,static,31,29.28777778,72.27095238,0.425714286,34.95333333,24.63253968,,
2026-04-24,static,13,29.4084127,73.18650794,0.71952381,34.8231746,24.96031746,,
2026-04-25,static,17,29.25174603,73.6252381,0.384603175,34.26539683,25.39888889,,
2026-04-26,static,28,28.60428571,74.08603175,11.39873016,33.76349206,24.7684127,,
2026-04-27,static,25,28.03904762,78.91650794,23.35793651,32.60809524,24.72793651,,
2026-04-28,static,21,28.3447619,82.17079365,44.91396825,32.23666667,25.39380952,,
2026-04-29,static,14,26.79904762,86.14492063,39.80698413,29.85539683,24.4984127,,
2026-04-30,static,20,25.67793651,84.68015873,19.90730159,28.72587302,23.51333333,,
2026-05-01,static,8,25.73412698,83.98952381,19.0015873,28.53666667,23.48507937,,
2026-05-02,static,9,26.73650794,79.90952381,13.45111111,30.72460317,23.07190476,,
2026-05-03,static,19,26.89873016,82.4352381,17.70984127,30.23698413,23.8931746,,
2026-05-04,static,16,26.99190476,81.79746032,10.62063492,30.63714286,24.06142857,,
2026-05-05,static,25,26.6447619,81.50730159,6.378253968,30.36095238,23.33047619,,
2026-05-06,static,28,27.24666667,77.70507937,8.042222222,31.30507937,23.27619048,,
2026-05-07,static,25,27.40380952,75.3768254,12.87238095,31.08269841,23.88047619,,
2026-05-08,static,12,27.40666667,74.45015873,3.421904762,31.50904762,23.30047619,,
2026-05-09,static,28,27.58126984,74.07587302,3.568888889,31.44809524,23.50301587,,
2026-05-10,static,35,27.08936508,76.90460317,6.296984127,30.51031746,24.14761905,,
2026-05-11,static,29,26.53698413,79.0831746,8.975873016,30.09333333,23.46253968,,
2026-05-12,static,37,27.1468254,78.29365079,2.231904762,31.13761905,23.26206349,,
2026-05-13,static,27,27.55873016,80.9731746,10.81857143,31.31206349,24.26587302,,
2026-05-14,static,29,28.26936508,82.45920635,15.83539683,32.29301587,24.85825397,,
2026-05-15,static,10,28.77206349,82.5831746,6.77984127,32.8068254,25.41666667,,
2026-05-16,static,16,29.03079365,81.50333333,8.686825397,32.93619048,26.18031746,,
2026-05-17,static,67,29.34888889,80.03111111,13.48857143,33.80920635,25.75253968,,
2026-05-18,static,28,29.56079365,80.16333333,10.68904762,34.14555556,26.14555556,,
2026-05-19,static,32,29.30031746,82.60968254,13.08365079,33.30412698,26.15380952,,
2026-05-20,static,33,29.58174603,80.99825397,3.981111111,33.59380952,26.25873016,,
2026-05-21,static,21,30.01555556,82.60031746,9.033492063,33.97079365,26.92825397,,
2026-05-22,static,11,29.97714286,83.06492063,8.384285714,33.85206349,26.9415873,,
2026-05-23,static,19,30.03285714,82.42285714,7.487619048,33.90015873,27.11857143,,
2026-05-24,static,23,29.62095238,83.63793651,13.76126984,33.22619048,27.21031746,,
2026-05-25,static,22,29.13095238,85.88095238,25.06380952,32.29380952,27.05174603,,
2026-05-26,static,14,28.90968254,84.31571429,35.3815873,32.21396825,26.42460317,,
2026-05-27,static,14,28.39666667,83.65142857,18.95190476,32.03111111,25.70746032,,
2026-05-28,static,10,27.71603175,85.02539683,22.36301587,30.38730159,25.59396825,,
2026-05-29,static,14,28.63412698,79.4531746,9.598253968,31.99888889,25.48095238,,
2026-05-30,static,29,28.8447619,78.30968254,6.734761905,32.14412698,25.64190476,,
2026-05-31,static,24,29.18777778,78.19587302,2.060793651,32.57507937,26.12539683,,
2026-06-01,static,110,29.45587302,79.69555556,1.113333333,33.03730159,26.25968254,,
2026-06-02,static,77,29.41571429,81.28015873,3.85952381,32.73825397,26.42063492,,
2026-06-03,static,75,29.76492063,79.51507937,2.321269841,33.16412698,26.84047619,,
2026-06-04,static,91,29.71619048,81.66857143,5.583650794,32.89984127,26.98492063,,
2026-06-05,static,23,29.40333333,85.57920635,11.52650794,32.07968254,27.25793651,,
2026-06-06,static,31,29.25365079,85.16888889,12.64587302,32.01730159,27.0452381,,
2026-06-07,static,107,29.0452381,85.91936508,21.90888889,31.96,26.88190476,,
2026-06-08,static,65,28.90412698,85.67222222,12.68888889,31.57412698,26.93412698,,
2026-06-09,static,68,29.18714286,85.83936508,14.45888889,32.63174603,26.77349206,,
2026-06-10,static,73,28.60015873,87.8731746,31.32079365,31.55746032,26.47825397,,
2026-06-11,static,95,28.01492063,88.12873016,16.58793651,30.25507937,26.11380952,,
2026-06-12,static,19,28.30428571,83.33714286,20.08634921,31.26222222,25.83031746,,
2026-06-13,static,35,28.38412698,84.9968254,15.92460317,31.29285714,25.95666667,,
2026-06-14,static,135,28.38666667,86.9415873,15.14253968,31.00634921,26.28793651,,
2026-06-15,static,98,28.53888889,84.98555556,10.01507937,31.52873016,26.27904762,,
2026-06-16,static,113,28.7384127,85.24904762,13.14619048,31.92190476,26.20603175,,
2026-06-17,static,87,28.88936508,84.71666667,11.29571429,32.05571429,26.44555556,,
2026-06-18,static,101,28.87079365,86.54222222,13.89111111,31.82031746,26.62857143,,
2026-06-19,static,20,28.0331746,88.65507937,26.26444444,29.92539683,26.53222222,,
2026-06-20,static,60,28.48333333,86.26031746,8.431904762,31.30571429,25.98650794,,
2026-06-21,static,220,28.16238095,89.78190476,22.93539683,30.27174603,26.59809524,,
2026-06-22,static,139,27.8884127,89.47301587,24.24920635,30.18984127,26.11492063,,
2026-06-23,static,121,28.21095238,87.6931746,12.70730159,31.13714286,25.78920635,,
2026-06-24,static,157,28.40507937,86.71015873,9.668095238,31.16666667,26.48190476,,
2026-06-25,static,198,28.45428571,86.01936508,13.30206349,31.58587302,26.05031746,,
2026-06-26,static,31,28.57333333,84.61126984,8.175238095,31.7868254,25.85190476,,
2026-06-27,static,82,28.87396825,85.10746032,4.437301587,32.19460317,25.94793651,,
2026-06-28,static,172,29.11746032,86.27253968,11.60857143,32.01936508,26.80539683,,
2026-06-29,static,124,28.81507937,90.09174603,22.51190476,31.11507937,26.97206349,,
2026-06-30,static,180,28.63603175,87.2252381,17.00365079,31.01507937,26.79793651,,
2026-07-01,static,163,29.54761905,80.94650794,14.30539683,33.02365079,27.33206349,,
2026-07-02,static,147,29.76079365,80.33047619,10.95555556,33.72825397,26.72539683,,
2026-07-03,static,44,30.41555556,77.82714286,10.31460317,34.76269841,27.12253968,,
2026-07-04,static,139,29.88952381,78.72968254,12.81666667,33.80857143,27.00380952,,
2026-07-05,static,274,28.68873016,83.30968254,23.26222222,32.1068254,26.77222222,,
2026-07-06,static,239,28.27365079,85.47190476,37.3215873,31.27936508,26.49412698,,
2026-07-07,static,196,28.07206349,88.07190476,33.88301587,30.43031746,26.48952381,,
2026-07-08,static,251,27.7684127,89.6268254,34.2552381,29.85142857,26.49698413,,
2026-07-09,static,190,28.12222222,88.30444444,24.62174603,30.88984127,26.55587302,,
2026-07-10,static,68,28.39365079,88.38047619,23.59793651,31.07952381,26.46539683,,
2026-07-11,static,158,28.13206349,89.80952381,22.4484127,30.33111111,26.69539683,,
2026-07-12,static,350,28.21492063,89.74047619,22.75063492,30.58968254,26.58349206,,
2026-07-13,static,327,27.23603175,93.55095238,38.36460317,28.48555556,26.32507937,,
2026-07-14,static,329,28.81238095,85.84301587,9.409365079,32.20285714,26.1652381,,
2026-07-15,static,391,28.93825397,84.75412698,9.696507937,32.45349206,26.51761905,,
2026-07-16,static,306,28.25047619,86.52126984,14.33015873,31.60777778,26.12492063,,
2026-07-17,static,94,27.89746032,88.50126984,17.82349206,30.67920635,26.22206349,,
2026-07-18,static,242,27.83285714,88.4647619,14.09285714,30.53730159,26.15920635,,
2026-07-19,static,473,27.41634921,89.13619048,12.4615873,29.68555556,25.85984127,,
2026-07-20,static,372,27.23015873,90.15015873,15.18349206,29.34190476,25.84920635,,
2026-07-21,static,338,27.20587302,89.65238095,19.22777778,29.4768254,25.76238095,,
2026-07-22,static,375,27.0715873,90.51761905,27.53301587,29.41634921,25.65539683,,
2026-07-23,static,450,27.10206349,89.18047619,19.18857143,29.81777778,25.52587302,,
2026-07-24,static,181,27.35015873,88.6631746,13.11460317,30.1068254,25.39412698,,
2026-07-25,static,439,28.20269841,86.48904762,6.682857143,31.60206349,25.60730159,,
2026-07-26,static,458,28.55301587,84.82952381,10.70142857,32.22031746,25.8584127,,
2026-07-27,static,546,28.04888889,87.13666667,20.34412698,31.1952381,25.85650794,,
2026-07-28,static,512,28.12968254,87.12809524,14.91285714,31.44603175,26.01714286,,
2026-07-29,static,534,27.88126984,87.79111111,16.76507937,31.13793651,25.8831746,,
2026-07-30,static,467,27.48031746,90.11349206,13.86603175,29.77555556,25.97174603,,
2026-07-31,static,153,28.13888889,87.82047619,8.172380952,31.24777778,26.02365079,,
2026-08-01,static,371,28.04666667,88.87,9.519206349,30.84809524,26.15666667,,
2026-08-02,static,423,27.98174603,90.53111111,12.10603175,30.20380952,26.33095238,,
2026-08-03,static,580,28.54571429,89.0268254,15.19920635,31.68507937,26.46492063,,
2026-08-04,static,530,28.0015873,90.56698413,21.76793651,30.30746032,26.60333333,,
2026-08-05,static,195,27.69746032,91.98222222,19.55,29.66666667,26.39936508,,
2026-08-06,static,471,27.72603175,91.11269841,25.84730159,29.9652381,26.2168254,,
2026-08-07,static,249,27.58952381,89.6468254,25.58031746,30.4431746,25.89460317,,
